question,cleaned_question,usable
What happens if I over-contribute to my TFSA withdrawals?,What are the consequences of exceeding TFSA withdrawal limits?,True
What happens if I contribute more than my available room for TFSA withdrawals?,"If an individual contributes more than their available contribution room for Tax-Free Savings Account (TFSA) withdrawals, what are the consequences?",True
How is contribution room calculated for TFSA withdrawals?,What is the method used to calculate contribution room after TFSA withdrawals in Canada?,True
Can I recontribute TFSA withdrawals in the same year?,Is it possible to re-contribute TFSA (Tax-Free Savings Account) withdrawals within the same calendar year?,True
When does a TFSA withdrawal get added back to my contribution room?,What is the timeline for a Tax-Free Savings Account (TFSA) withdrawal to be re-added to the contributor's available room?,True
What should I know about TFSA withdrawals?,What are the key aspects to consider regarding Tax-Free Savings Account (TFSA) withdrawals in Canada?,True
How is contribution room calculated for TFSA contributions?,How is the Contribution Room for Tax-Free Savings Account (TFSA) contributions calculated?,True
What happens if I contribute more than my available room for TFSA contributions?,"If an individual contributes more than their allowed limit in Tax-Free Savings Account (TFSA), what are the consequences?",True
What happens if I over-contribute to my TFSA contributions?,What are the consequences of exceeding the contribution limit for Tax-Free Savings Account (TFSA)?,True
What should I know about TFSA contributions?,What are key points about Tax-Free Savings Account (TFSA) contributions?,True
Do I have to pay tax when I withdraw from my RRSP?,Is there a tax liability when withdrawing funds from an RRSP (Registered Retirement Savings Plan) in Canada?,True
Can I withdraw money from my RRSP before retirement?,Is it possible to make a withdrawal from an RRSP prior to retirement?,True
What should I know about RRSP withdrawals?,What are the key points to consider when making an RRSP withdrawal?,True
How much tax is withheld when I withdraw from my RRSP?,What is the amount of tax withheld when withdrawing funds from a Registered Retirement Savings Plan (RRSP) in Canada?,True
What should I know about RRSP withdrawal tax rates?,What are the tax rates for withdrawing funds from a Registered Retirement Savings Plan (RRSP) in Canada?,True
What should I know about FHSA overview?,What is the overview of the First Home Savings Account (FHSA) in Canada?,True
Are FHSA contributions tax deductible?,Is the contribution to a First Home Savings Account (FHSA) tax-deductible?,True
Are transfers from an RRSP to an FHSA tax deductible?,Is a transfer from an RRSP (Registered Retirement Savings Plan) to an FHSA (First Home Savings Account) tax-deductible?,True
What is the annual FHSA contribution limit?,What is the maximum yearly contribution limit for a Federal Home Savings Account (FHSA) in Canada?,True
How much FHSA room do I get when I open my first FHSA?,What is the initial contribution limit for a First Home Savings Account (FHSA) upon opening?,True
What happens if I over-contribute to my FHSA overview?,What are the consequences of exceeding contributions to a First Home Savings Account (FHSA) limit?,True
What should I know about FHSA participation room?,What is the information regarding the FHSA Participation Room?,True
What happens if I over-contribute to my FHSA participation room?,What are the consequences of exceeding the contribution limit for a First Home Savings Account (FHSA) participation room?,True
What happens if I over-contribute to my FHSA tax deductions?,What are the consequences of exceeding the contribution limit for Federal Home Savings Account (FHSA) tax deductions?,True
What should I know about FHSA tax deductions?,What are the details regarding tax deductions for a First Home Savings Account (FHSA) in Canada?,True
What is the lifetime FHSA contribution limit?,What is the total lifetime contribution limit for a Federal Home Savings Account (FHSA) in Canada?,True
How does How to open an online investing account affect a retail investor?,What is the impact of opening an online investing account on a retail investor?,True
How does Top tips for new investors affect a retail investor?,What is the impact of top tips for new investors on a retail investor?,True
How does Types of investments affect a retail investor?,What is the impact of different types of investments on a retail investor?,True
How does Tracking your investing returns affect a retail investor?,What is the impact of tracking investing returns on a retail investor?,True
How does What is DIY investing and how does it work? affect a retail investor?,What is DIY investing and how does it work for a retail investor?,True
How does How can you research your investments? affect a retail investor?,What is the impact of researching investments on a retail investor?,True
What should I know about How can you research your investments? before investing?,"Before investing, what are the key aspects to consider when researching an investment?",True
How does How can you make money from investing? affect a retail investor?,How does making money from investing affect a retail investor?,True
What should I know about How to get started with investing before investing?,What essential information should I gather before starting to invest?,True
How does Getting started affect a retail investor?,"What impact does getting started have on a retail investor, specifically in the context of personal finance and investing?",True
What should I know about Answers to investing questions you may be too embarrassed to ask before investing?,What are important facts to consider regarding Answers to Investing Questions That One Might Find Too Embarrassing Before Investing?,True
What should I know about Types of investments before investing?,What key factors should one consider regarding the different types of investments prior to investment?,True
What should I know about What is DIY investing and how does it work? before investing?,"What is DIY (Do-It-Yourself) investing and how does it function, and what should one consider before engaging in DIY investing?",True
What should I know about How to open an online investing account before investing?,What essential information should one consider before opening an online investment account?,True
What should I know about How can you make money from investing? before investing?,What essential information should one consider before making an investment to generate returns?,True
How does Answers to investing questions you may be too embarrassed to ask affect a retail investor?,What is the impact of answers to embarrassing investing questions on retail investors?,True
What should I know about Getting started before investing?,What essential knowledge is required before starting to invest in Canada?,True
How does How the stock market works affect a retail investor?,What is the impact of understanding how the stock market functions on a retail investor?,True
What should I know about Top tips for new investors before investing?,What are the top tips for new investors before they start investing in Canada?,True
How does How to get started with investing affect a retail investor?,What is the impact of starting to invest on a retail investor?,True
What should I know about How the stock market works before investing?,What essential knowledge is required about how the stock market functions prior to investing?,True
What should I know about Tracking your investing returns before investing?,What essential information should one consider regarding tracking investment returns prior to investing?,True
How does Brought to you by the OSC Investor Office affect a retail investor?,What is the impact of the OSC Investor Office on a retail investor?,True
Are mutual funds safer than ETFs?,Is it accurate to state that mutual funds are safer than Exchange-Traded Funds (ETFs) in the context of Canadian retail investment?,True
Should I choose an investment only because it has low fees?,Is it advisable to select an investment solely based on its low fees?,True
What should I check before buying a mutual fund?,What factors should be considered before purchasing a mutual fund (for Canadian investors)?,True
How do investment fees affect my returns over time?,How do investment fees impact returns over a period of time for an individual investor in Canada?,True
How does Connect with us affect a retail investor?,What is the impact of 'Connect with Us' on a retail investor?,True
What should I know about Brought to you by the OSC Investor Office before investing?,What information should I be aware of from the Ontario Securities Commission (OSC) Investor Office before making an investment?,True
What should I know about Connect with us before investing?,What information should be known about Connect with Us prior to investing?,True
How does What is compound interest? affect a retail investor?,What impact does compound interest have on a retail investor?,True
Are ETFs a good investment for a beginner investor?,Is an Exchange-Traded Fund (ETF) a suitable investment option for a novice investor?,True
What should I know before investing in ETFs?,What key factors should be considered before investing in Exchange-Traded Funds (ETFs) in the Canadian context?,True
How does How can you reduce investing risk? affect my investment decisions?,How does reducing investing risk impact my investment decisions?,True
What should I know about What are your investing goals? before investing?,What factors should be considered regarding Investing Goals prior to investment?,True
How does What are behavioural biases? affect a retail investor?,How do behavioral biases impact a retail investor?,True
What should I do before trusting someone offering an investment?,"Before trusting someone offering an investment, what steps should be taken for due diligence?",True
What risks should I consider before investing in What’s your risk profile??,"What risks should I consider before investing, given my risk profile?",True
What should I know about What is loss aversion? before investing?,What should one know about Loss Aversion prior to investing?,True
How does What is loss aversion? affect a retail investor?,How does loss aversion impact a retail investor?,True
How does What are your investing goals? affect a retail investor?,What is the impact of an individual's investing goals on a retail investor?,True
What risks should I consider before investing in How can you reduce investing risk??,What risks should I consider before investing in [Investment Name]? And how can I reduce investing risks?,True
What should I know about What are behavioural biases? before investing?,What key points should one consider about behavioral biases when making an investment decision?,True
How does What’s your risk profile? affect my investment decisions?,What is the impact of determining one's risk profile on investment decisions?,True
How does What is a TFSA? affect a retail investor?,What is the impact of a Tax-Free Savings Account (TFSA) on a retail investor?,True
What should I know about What is a TFSA? before investing?,What should one know about Tax-Free Savings Account (TFSA) prior to investing?,True
What should I know about What is an RRSP? before investing?,What essential facts should one be aware of regarding RRSPs (Registered Retirement Savings Plans) prior to investment?,True
How does What is an RRSP? affect a retail investor?,What is the impact of having an RRSP (Registered Retirement Savings Plan) on a retail investor?,True
How can I tell if an investment opportunity is a scam?,What are indicators to identify whether an investment opportunity is a scam in the Canadian context?,True
What should I know about What is compound interest? before investing?,What information should be known about compound interest prior to investing?,True
What should I know about What are ways to borrow money for investing? before investing?,"What are the methods for obtaining loans for investment purposes, and what considerations should be taken into account prior to borrowing for investments?",True
How does What are different ways to borrow money? affect a retail investor?,What are the impacts of various methods for borrowing money on a retail investor?,True
How does Should you pay debt or invest? affect a retail investor?,What is the impact of deciding between paying off debt or investing on a retail investor?,True
What should I know about How to check your credit report before investing?,How to verify a credit report before investing (in Canada),True
How does What to ask if you need to borrow money affect a retail investor?,What impact does asking the right questions when borrowing money have on a retail investor's financial decisions and investment strategy?,True
How does How to check your credit report affect a retail investor?,What impact does checking one's credit report have on a retail investor?,True
How does What are ways to borrow money for investing? affect a retail investor?,What are the methods for obtaining loans for investment purposes and how do they impact a retail investor?,True
How does How do credit cards work? affect a retail investor?,What is the impact of credit card operation on a retail investor?,True
What should I know about What are different ways to borrow money? before investing?,What should an investor know about different methods of obtaining loans prior to investing?,True
How does Managing debt affect a retail investor?,What is the impact of managing debt on a retail investor?,True
What should I know about Should you pay debt or invest? before investing?,Should you pay off debt before investing? - Prerequisite Knowledge,True
What should I know about Managing debt before investing?,What are essential factors to consider when managing debt prior to investing?,True
What should I know about How do credit cards work? before investing?,What is the relevance of understanding how credit cards work before investing?,True
What should I know about Rewards credit cards before investing?,What are the key factors to consider when choosing a Rewards Credit Card for investment purposes?,True
How does Rewards credit cards affect a retail investor?,What is the impact of Rewards credit cards on a retail investor's financial situation?,True
What should I know about What to ask if you need to borrow money before investing?,What are the important considerations when seeking a loan prior to investing?,True
What should I know about Tips to keep your credit card safe before investing?,What are tips for safeguarding a credit card prior to investing?,True
What should I know about Strategies to pay down debt before investing?,What are strategies for paying down debt prior to investing?,True
How does Strategies to pay down debt affect a retail investor?,What is the impact of strategies for paying down debt on a retail investor?,True
How does Tips to keep your credit card safe affect a retail investor?,How does maintaining credit card security impact a retail investor's financial situation or investment decisions?,True
What should I know about Contributions and transfers before investing?,What should one know about Contributions and Transfers prior to making an investment in Canada?,True
How does How RDSPs work affect a retail investor?,How do Registered Disability Savings Plans (RDSPs) affect a retail investor?,True
What should I know about Government grants and bonds for an RDSP before investing?,What information is important to consider regarding Government grants and bonds for Registered Disability Savings Plans (RDSP) prior to investment?,True
What should I know about How RDSPs work before investing?,What are the key points to understand about Registered Disability Savings Plans (RDSP) before investing?,True
How does Government grants and bonds for an RDSP affect a retail investor?,"What is the impact of government grants and bonds on a retail investor, specifically regarding a Registered Disability Savings Plan (RDSP)?",True
What should I know about How RDSP payments and withdrawals work before investing?,What are the key points to consider regarding RDSP (Registered Disability Savings Plan) payments and withdrawals prior to investment?,True
How does How RDSP payments and withdrawals work affect a retail investor?,What is the impact of Registered Disability Savings Plan (RDSP) payments and withdrawals on a retail investor in Canada?,True
How does Contributions and transfers affect a retail investor?,What is the impact of Contributions and Transfers on a Retail Investor?,True
How does How can you manage volatility as an investor? affect a retail investor?,How does managing volatility as an investor impact a retail investor?,True
How does Articles in this section affect a retail investor?,What is the impact of articles in a specific investment section on retail investors?,True
How does How does market volatility affect your investments? affect a retail investor?,How does market volatility impact a retail investor?,True
What should I know about How does market volatility affect your investments? before investing?,How does market volatility impact investments prior to investing?,True
What should I know about What is a market bubble? before investing?,What key information should I understand about market bubbles prior to investing?,True
How does What is a market bubble? affect a retail investor?,What impact does a market bubble have on a retail investor?,True
How does What is market volatility? affect a retail investor?,What is the impact of market volatility on a retail investor?,True
How does How do behavioural biases influence investors during market bubbles? affect a retail investor?,How do behavioral biases impact a retail investor during market bubbles?,True
What risks should I consider before investing in Understanding risk?,"What risks should an investor consider before investing in a specific asset, using 'Understanding Risk' as an example?",True
What should I know about How can you manage volatility as an investor? before investing?,What factors should be considered for managing investment volatility?,True
What should I know about How do behavioural biases influence investors during market bubbles? before investing?,"How do behavioral biases impact investors during market bubbles, and what should one consider before investing due to these biases?",True
How does Understanding risk affect my investment decisions?,What is the impact of understanding risk on investment decisions?,True
What should I know about On this page you’ll find before investing?,"Before investing, what information should I consider on this page?",True
What should I know about Articles in this section before investing?,What are the key points to consider about articles within this investment section prior to investing?,True
What should I know about What is market volatility? before investing?,What facts should one consider regarding market volatility before making an investment?,True
How does On this page you’ll find affect a retail investor?,How does the information on this page impact a retail investor?,True
What should I know about How do inflation changes affect your investments? before investing?,What are the implications of inflation changes for investments prior to investment?,True
How does What is your real rate of return? affect a retail investor?,What is the impact of real rate of return on a retail investor?,True
What should I know about How inflation affects your investments before investing?,What are the key points about how inflation impacts investments that one should consider prior to investing?,True
How does How do inflation changes affect your investments? affect a retail investor?,How do inflation changes impact a retail investor?,True
What risks should I consider before investing in How can you manage inflation risk??,What risks should I consider before investing in the context of managing inflation risk?,True
How does What is stagflation? affect a retail investor?,What impact does stagflation have on a retail investor?,True
What should I know about What is stagflation? before investing?,What key points should an investor consider regarding Stagflation prior to investment?,True
How does How does inflation affect interest rates? affect a retail investor?,How does inflation affect interest rates and its impact on a retail investor?,True
How does What is inflation? affect a retail investor?,What is the impact of inflation on a retail investor?,True
What should I know about What is your real rate of return? before investing?,What should an investor know about the real rate of return before investing?,True
How does How can you manage inflation risk? affect my investment decisions?,How does managing inflation risk affect my investment decisions?,True
How does How inflation affects your investments affect a retail investor?,How does inflation impact the investments of a retail investor?,True
What should I know about What is inflation? before investing?,What information about inflation should be considered before making an investment decision?,True
What should I know about How does inflation affect interest rates? before investing?,"How does inflation affect interest rates, and what should one consider before investing due to this relationship?",True
What questions should I ask before working with an advisor?,What key questions should investors consider when choosing to work with a financial advisor in Canada?,True
How do I know if a financial advisor is properly registered?,Is it possible to verify if a financial advisor is properly registered in Canada?,True
How does Guide to online investment advisers affect a retail investor?,What is the impact of an online investment adviser guide on a retail investor?,True
What should I know about Guide to online investment advisers before investing?,"What key points should be considered about an Online Investment Adviser, prior to investment?",True
What should I know about Making a plan before investing?,What factors should be considered when creating an investment plan?,True
How does Create your investment plan affect a retail investor?,What is the impact of creating an investment plan on a retail investor?,True
How does Steps to offering a financial lifeline affect a retail investor?,What is the impact of Steps to Offering a Financial Lifeline on a Retail Investor?,True
What should I know about Steps to offering a financial lifeline before investing?,What are the steps to providing a financial assistance prior to investing?,True
What should I know about Spring cleaning your investment portfolio before investing?,What essential information should be considered when decluttering an investment portfolio prior to new investments?,True
What should I know about Create your investment plan before investing?,What factors should be considered when creating an investment plan prior to investing?,True
How does Putting your financial plan into action affect a retail investor?,What is the impact of implementing a financial plan on a retail investor?,True
What should I know about Work with a financial planner before investing?,Prior Knowledge Needed Before Working With a Financial Planner for Investments,True
What should I know about Putting your financial plan into action before investing?,What are the key considerations when implementing a financial plan before investing in Canada?,True
How does Work with a financial planner affect a retail investor?,What is the impact of working with a financial planner on a retail investor?,True
What should I know about How to make a financial plan before investing?,What factors should be considered when creating a financial plan prior to investing?,True
How does Making a plan affect a retail investor?,How does creating an investment plan impact a retail investor?,True
How does How to make a financial plan affect a retail investor?,What is the impact of creating a financial plan on a retail investor?,True
How does Spring cleaning your investment portfolio affect a retail investor?,What impact does spring cleaning one's investment portfolio have on a retail investor?,True
How does Building your investing strategy affect a retail investor?,What impact does building an investing strategy have on a retail investor?,True
What should I know about How to re-balance before investing?,What should be known about portfolio rebalancing prior to investing?,True
What should I know about Re-balancing frequency before investing?,What is the appropriate rebalancing frequency to consider before investing in Canada?,True
How does The benefits of re-balancing affect a retail investor?,What are the impacts of portfolio rebalancing on a retail investor?,True
How does Re-balancing frequency affect a retail investor?,What impact does the re-balancing frequency have on a retail investor's portfolio?,True
What should I know about Re-balancing your asset mix before investing?,What are key considerations for rebalancing an asset mix prior to investment?,True
What should I know about Building your investing strategy before investing?,What essential factors should be considered when developing an investment strategy in Canada?,True
What should I know about The benefits of re-balancing before investing?,What are the benefits of portfolio rebalancing prior to investment?,True
How does Re-balancing your asset mix affect a retail investor?,What is the impact of re-balancing an asset mix on a retail investor?,True
How does 8. How will you work with me? affect a retail investor?,What is the impact of 'How will you work with me?' on a retail investor?,True
How does How to re-balance affect a retail investor?,What is the impact of portfolio rebalancing on a retail investor?,True
What should I know about 1. What are your qualifications? before investing?,What should one consider regarding an advisor's qualifications before investing?,True
What should I know about 3. How much experience do you have? before investing?,What is the importance of considering one's investment experience before investing?,True
What should I know about 5. Who are your clients? before investing?,"Before investing, what information is important to know about a financial institution's client base?",True
How does 3. How much experience do you have? affect a retail investor?,What impact does an individual's investment experience have on a retail investor?,True
What should I know about 7. How are you paid? before investing?,"What compensation structures do investment professionals or advisors typically have before investing, in the context of Canadian retail investments?",True
How does 4. What products and services do you offer? affect a retail investor?,What impact does the range of products and services offered by a retail investment firm have on an individual investor in Canada?,True
How does 1. What are your qualifications? affect a retail investor?,What impact does an advisor's qualifications have on a retail investor?,True
How does 2. Are you and your firm registered? affect a retail investor?,Does registration of an individual or firm impact a retail investor?,True
What should I know about 6. What is your investment philosophy? before investing?,What investment philosophy should one consider before investing?,True
How does 7. How are you paid? affect a retail investor?,"What impact does the method of payment (specifically, 'How are you paid?') have on a retail investor?",True
What should I know about 8. How will you work with me? before investing?,What information should I expect when working with a financial advisor prior to investment?,True
How does 6. What is your investment philosophy? affect a retail investor?,What is the impact of an individual's investment philosophy on a retail investor?,True
What should I know about 2. Are you and your firm registered? before investing?,Is registration of the investor and the firm necessary before investing?,True
How does 5. Who are your clients? affect a retail investor?,"What impact does the composition of investment firm's client base (i.e., retail investors) have on an individual retail investor?",True
What should I know about 4. What products and services do you offer? before investing?,What information should I know about the products and services offered by a company prior to investing?,True
What should I know about What happens to your TFSA when you die? before investing?,What is the information about the fate of a Tax-Free Savings Account (TFSA) upon death that should be known before investing?,True
How does What is a TFSA and how does it work? affect a retail investor?,What is a TFSA (Tax-Free Savings Account) and how does it work for a retail investor?,True
What should I know about What is a TFSA and how does it work? before investing?,What is the meaning of a TFSA (Tax-Free Savings Account) and how does it function when used for investment purposes?,True
What should I know about Calculate your TFSA savings before investing?,What essential information should be considered when calculating Tax-Free Savings Account (TFSA) savings prior to investment?,True
How does How you can calculate your TFSA contribution room affect a retail investor?,How does calculating Tax-Free Savings Account (TFSA) contribution room impact a retail investor?,True
What should I know about How you can calculate your TFSA contribution room before investing?,How can one determine the TFSA (Tax-Free Savings Account) contribution room before investing in Canada?,True
What should I know about 9 reasons to open a TFSA before investing?,What are the 9 reasons to consider opening a Tax-Free Savings Account (TFSA) before making an investment?,True
How does Calculate your TFSA savings affect a retail investor?,How does calculating Total Financial Savings in a Tax-Free Savings Account (TFSA) impact a retail investor?,True
How does 9 reasons to open a TFSA affect a retail investor?,What is the impact of nine reasons for opening a Tax-Free Savings Account (TFSA) on a retail investor?,True
How does What happens to your TFSA when you die? affect a retail investor?,What happens to a Tax-Free Savings Account (TFSA) upon the death of a retail investor?,True
How does How and why to insure your home affect a retail investor?,"Does home insurance have an impact on the financial investments of a retail investor, and if so, how and why?",True
How does Selling your home without an agent affect a retail investor?,What impact does selling a home without an agent have on a retail investor?,True
How does Understanding real estate investments affect a retail investor?,What is the impact of understanding real estate investments on a retail investor?,True
How does Renting versus buying a home affect a retail investor?,What is the impact of renting versus buying a home on a retail investor?,True
How does How to choose a mortgage affect a retail investor?,How does choosing a mortgage impact a retail investor's personal finance and investing?,True
What should I know about Renting versus buying a home before investing?,What are the key factors to consider when deciding between renting and buying a home as an investment?,True
What should I know about Selling your home without an agent before investing?,"What are the factors to consider when selling a home without a real estate agent, in relation to investment?",True
How does Helping your child buy their first home affect a retail investor?,What is the impact of helping a child purchase their first home on a retail investor's personal finance and investing?,True
How does Buying your first home affect a retail investor?,What is the impact of buying a first home on a retail investor's financial situation and investment strategy?,True
What should I know about Real estate before investing?,What essential information should one consider before investing in Real Estate in Canada?,True
How does What to consider before borrowing against your home affect a retail investor?,What factors should a retail investor consider before using their home equity as collateral for a loan?,True
How does Saving for a down payment affect a retail investor?,What is the impact of saving for a down payment on a retail investor's financial situation?,True
What should I know about What to consider before borrowing against your home before investing?,What factors should be considered before using home equity for investment purposes?,True
What should I know about How to choose a mortgage before investing?,What factors should be considered when choosing a mortgage prior to investing?,True
How does Your home as an investment affect a retail investor?,What is the impact of owning a home as an investment on a retail investor?,True
What should I know about Understanding real estate investments before investing?,What key factors should be considered when making a real estate investment in Canada?,True
How does Real estate affect a retail investor?,What is the impact of real estate on a retail investor in the context of personal finance and investing?,True
What should I know about Buying your first home before investing?,What are the considerations for a first-time homebuyer before making an investment in real estate?,True
What should I know about Helping your child buy their first home before investing?,What are the considerations for helping a child purchase their first home prior to investing?,True
What should I know about Your home as an investment before investing?,What factors should be considered when considering a home as an investment in Canada?,True
What should I know about How and why to insure your home before investing?,What are the factors to consider regarding home insurance before investing in real estate?,True
What should I know about Saving for a down payment before investing?,What are the key considerations when saving for a down payment prior to investing?,True
What should I know about How to make an investment policy statement before investing?,What are the essential elements of an Investment Policy Statement (IPS) prior to investing?,True
How does What is an investment policy statement? affect a retail investor?,What impact does an Investment Policy Statement (IPS) have on a retail investor?,True
What should I know about How can you decide your investing strategy? before investing?,How should one determine their investment strategy prior to investing?,True
How does How to make an investment policy statement affect a retail investor?,What is the impact of creating an Investment Policy Statement (IPS) on a retail investor?,True
What should I know about What kind of information should you include on your investment policy statement? before investing?,What elements are essential to include in an Investment Policy Statement (IPS) before investing?,True
How does How can you decide your investing strategy? affect a retail investor?,What factors should a retail investor consider when deciding their investing strategy?,True
What should I know about What is an investment policy statement? before investing?,What essential information should one understand about an Investment Policy Statement (IPS) prior to investing?,True
How does What kind of information should you include on your investment policy statement? affect a retail investor?,What information should be included in an investment policy statement and how does it impact a retail investor?,True
What should I know about GICs (Guaranteed investment certificates) before investing?,What essential information should be considered before investing in Guaranteed Investment Certificates (GICs) in Canada?,True
What should I know about What is a GIC and how does it work? before investing?,What should one know about GICs (Guaranteed Investment Certificates) and their functionality prior to investing?,True
What should I know about What is a GIA and how does it work? before investing?,What should one know about a Gemological Institute of America (GIA) grading report and its functioning before making an investment?,True
What should I know about How to buy GICs before investing?,What should one consider before investing in Guaranteed Investment Certificates (GICs)?,True
How does GICs (Guaranteed investment certificates) affect a retail investor?,What is the impact of Guaranteed Investment Certificates (GICs) on a retail investor?,True
How does How to buy GICs affect a retail investor?,What is the impact of buying Guaranteed Investment Certificates (GICs) on a retail investor?,True
How does What is a GIA and how does it work? affect a retail investor?,What is the impact of understanding GIA (Gemological Institute of America) grading on retail investors?,True
How does What is a GIC and how does it work? affect a retail investor?,"What is the impact of a GIC (Guaranteed Investment Certificate) on a retail investor, explaining its concept and operation?",True
What should I know about Investor Personality Quiz before investing?,What essential information should be known about an Investor Personality Quiz prior to investing?,True
How does Investor Personality Quiz affect a retail investor?,What is the impact of an Investor Personality Quiz on a retail investor?,True
What should I know about Crypto Quiz before investing?,What essential facts should be considered about Crypto Quiz prior to investment?,True
How does Cranial Cash Clash affect a retail investor?,What is the impact of Cranial Cash Clash on a retail investor?,True
What should I know about Cranial Cash Clash before investing?,What information should be considered about Cranial Cash Clash prior to investing?,True
How does Crypto Quiz affect a retail investor?,What is the impact of Crypto Quiz on a retail investor?,True
How does Investor Readiness Quiz affect a retail investor?,What is the impact of an Investor Readiness Quiz on a retail investor?,True
How does Investor Knowledge Quiz affect a retail investor?,What is the impact of an Investor Knowledge Quiz on a retail investor?,True
What should I know about Love and Money Quiz before investing?,What key information should I be aware of regarding the 'Love and Money Quiz' before making an investment?,True
What should I know about Behavioural Bias Checker before investing?,What is important to know about a Behavioural Bias Checker prior to investing?,True
How does Love and Money Quiz affect a retail investor?,What is the impact of the Love and Money Quiz on a retail investor?,True
What should I know about Investor Readiness Quiz before investing?,What key information should I be aware of regarding the Investor Readiness Quiz prior to investing?,True
How does Get Smarter About Trading affect a retail investor?,What is the impact of Get Smarter About Trading on a retail investor?,True
What should I know about Get Smarter About Trading before investing?,What information is important to know about Get Smarter About Trading before making an investment?,True
What should I know about What is a trade confirmation slip? before investing?,What is the significance of a trade confirmation slip prior to investing?,True
How does Behavioural Bias Checker affect a retail investor?,What is the impact of a Behavioural Bias Checker on a retail investor?,True
How does What is a trade confirmation slip? affect a retail investor?,What is the impact of a trade confirmation slip on a retail investor?,True
What should I know about Investor Knowledge Quiz before investing?,What important facts should I be aware of regarding the Investor Knowledge Quiz prior to making an investment?,True
What should I know about DIY investing before investing?,What essential facts should one consider before engaging in Do-It-Yourself (DIY) investing?,True
How does DIY investing affect a retail investor?,What is the impact of Do-It-Yourself (DIY) investing on a retail investor?,True
How does Commission-free trading affect a retail investor?,What is the impact of commission-free trading on a retail investor?,True
What should I know about Commission-free trading before investing?,What essential information should one be aware of regarding commission-free trading prior to making an investment?,True
How does How registration protects investors affect a retail investor?,What is the impact of securities registration on a retail investor?,True
What should I know about Registration categories before investing?,What are the important aspects to understand about Investment Registration Categories?,True
What should I know about Checking registration before investing?,What should one know about checking the registration of an investment before making it?,True
What should I know about How registration protects investors before investing?,What are the aspects of investor protection offered by registration prior to investment in Canada?,True
How does Registration categories affect a retail investor?,How do Securities Registration Categories impact a Retail Investor?,True
How does Checking registration affect a retail investor?,What is the impact of Checking registration on a retail investor?,True
What should I know about What to expect at your first meeting before investing?,What information should be expected during a first meeting before investing in Canada?,True
What should I know about “Know your client” information before investing?,What is essential to understand about 'Know Your Client' (KYC) information prior to making an investment in Canada?,True
How does “Know your client” information affect a retail investor?,What is the impact of 'Know Your Client' (KYC) information on a retail investor?,True
How does What to expect at your first meeting affect a retail investor?,What impact does attending one's first investment advisory meeting have on a retail investor in Canada?,True
"How does Investing for growth, income or both affect a retail investor?","What is the impact of investing for growth, income, or both on a retail investor?",True
"What should I know about Investing for growth, income or both before investing?","What are the essential factors to consider when deciding between investing for growth, income, or a combination of both prior to investment?",True
What should I know about How market indexes can help you build your strategy before investing?,What facts should be considered about the role of market indexes in developing an investment strategy?,True
How does Choosing your asset mix as an investor affect a retail investor?,What is the impact of choosing an asset mix for a retail investor in Canada?,True
What should I know about Choosing your asset mix as an investor before investing?,What essential factors should an investor consider when selecting their asset allocation prior to investment?,True
How does How market indexes can help you build your strategy affect a retail investor?,How do market indices impact a retail investor's investment strategy?,True
How does Retirement Ready Quiz affect a retail investor?,What is the impact of the Retirement Ready Quiz on a retail investor?,True
What should I know about Retirement Ready Quiz before investing?,What essential information should be known about the Retirement Ready Quiz prior to investment?,True
What should I know about Why is choosing your asset mix important? before investing?,Why is selecting an appropriate asset mix crucial for investing?,True
What should I know about When should you review your asset mix? before investing?,"When should one evaluate their asset allocation, specifically during the investment process?",True
What should I know about What is an asset mix? before investing?,What should one know about Asset Allocation before investing?,True
How does What is an asset mix? affect a retail investor?,What is the impact of an asset mix on a retail investor?,True
What should I know about What questions should you ask before buying a new investment? before investing?,What key questions should one consider before making an investment?,True
How does Why is choosing your asset mix important? affect a retail investor?,What is the impact of selecting an appropriate asset mix on a retail investor?,True
How does When should you review your asset mix? affect a retail investor?,When is it appropriate for a retail investor to review their asset allocation?,True
How does What questions should you ask before buying a new investment? affect a retail investor?,What questions should a retail investor consider before purchasing a new investment?,True
How does Institutional and high net worth series (Series I) affect a retail investor?,How does the Institutional and High Net Worth Series I impact a retail investor?,True
What should I know about Discount series (Series D) before investing?,What are the key factors to consider when investing in Discount Series D?,True
How does Retail series (Series A) affect a retail investor?,What is the impact of Retail Series A on a retail investor?,True
What should I know about Retail series (Series A) before investing?,What essential information should be known about the Retail Series A investment before making an investment decision?,True
What should I know about Institutional and high net worth series (Series I) before investing?,What key points should be considered about Institutional and High Net Worth Series I (Series I) prior to investment?,True
How does Special purpose series affect a retail investor?,What is the impact of Special Purpose Series on a retail investor?,True
What should I know about Special purpose series before investing?,What key points should be considered about Special Purpose Series before making an investment?,True
What should I know about How is investing for income different from investing for growth? before investing?,"What are the differences between investing for income and investing for growth, and what should one consider before engaging in each?",True
What should I know about How to invest for income before investing?,Prior Knowledge Required for Investing for Income,True
How does Discount series (Series D) affect a retail investor?,What is the impact of Discount Series D on a retail investor?,True
How does How to invest for both growth and income affect a retail investor?,What is the impact of investing strategies that aim for both growth and income on a retail investor?,True
How does How to invest for income affect a retail investor?,What is the impact of income-focused investment strategies on retail investors?,True
What should I know about How to invest for growth before investing?,Prior Knowledge Required for Growth Investing Before Commencing Investments,True
What should I know about How to invest for both growth and income before investing?,What factors should be considered before investing for both growth and income?,True
How does How is investing for income different from investing for growth? affect a retail investor?,What are the differences between investing for income and investing for growth and how do these strategies impact a retail investor?,True
How does How to invest for growth affect a retail investor?,What is the impact of growth investment strategies on retail investors?,True
What should I know about 2. How much do you know about investing? before investing?,What should I know before investing?,True
How does 2. Your workplace affect a retail investor?,How does one's workplace impact a retail investor?,True
How does 3. How much money do you plan to invest? affect a retail investor?,What is the impact of the planned investment amount on a retail investor?,True
What should I know about 4. What type of products and services do you need? before investing?,"What information is important to consider regarding the types of products and services needed, prior to investing?",True
How does 1. What are your financial goals? affect a retail investor?,What is the impact of a retail investor's financial goals on their investment decisions?,True
What should I know about 1. What are your financial goals? before investing?,What information is important to consider regarding one's financial goals prior to investing?,True
How does 2. How much do you know about investing? affect a retail investor?,What is the impact of an individual's knowledge about investing on a retail investor?,True
What should I know about 1. Family and friends before investing?,What factors should be considered about family and friends prior to making investments?,True
How does 4. What type of products and services do you need? affect a retail investor?,What impact does the need for specific products and services have on a retail investor?,True
What should I know about 3. Your bank before investing?,What information should one consider about a bank before making an investment?,True
What should I know about 3. How much money do you plan to invest? before investing?,What factors should be considered before determining the amount of money to invest?,True
What should I know about 2. Your workplace before investing?,What information should be considered about an individual's workplace before making an investment decision?,True
How does 3. Your bank affect a retail investor?,How does a retail investor's relationship with their bank impact them financially?,True
How does 1. Family and friends affect a retail investor?,What is the impact of family and friends on a retail investor in Canada?,True
What should I know about Retirement before investing?,What essential information should a person consider about retirement before making an investment?,True
How does Planning for long-term care affect a retail investor?,What is the impact of long-term care planning on a retail investor?,True
What should I know about Financial steps for getting ready for retirement before investing?,What key factors should be considered in financial preparation for retirement prior to investing?,True
How does Retirement affect a retail investor?,What is the impact of retirement on a retail investor's portfolio and financial planning?,True
What should I know about Sources of income in retirement before investing?,What information is important to consider regarding Retirement Income Sources prior to investment?,True
What should I know about Planning for long-term care before investing?,What factors should be considered when planning for long-term care before making investments?,True
How does The many faces of financial elder abuse affect a retail investor?,What is the impact of Financial Elder Abuse on Retail Investors?,True
How does 6 money tips for life in retirement affect a retail investor?,What is the impact of six specific money tips on a retail investor during retirement?,True
What should I know about The many faces of financial elder abuse before investing?,What are key points to consider about financial elder abuse when making investment decisions?,True
How does Calculate your RRSP savings affect a retail investor?,What is the impact of calculating RRSP savings on a retail investor?,True
What should I know about Calculate your RRSP savings before investing?,What key factors should be considered when calculating RRSP savings prior to investment?,True
How does Sources of income in retirement affect a retail investor?,What is the impact of retirement income sources on a retail investor?,True
How does Budgeting in retirement affect a retail investor?,What is the impact of budgeting during retirement on a retail investor?,True
What should I know about 6 money tips for life in retirement before investing?,What are essential facts to consider about six investment strategies suitable for retirement?,True
How does Financial steps for getting ready for retirement affect a retail investor?,What is the impact of financial steps for retirement preparation on a retail investor?,True
What should I know about Budgeting in retirement before investing?,What factors should be considered regarding budgeting during retirement prior to making investments?,True
How does Horizon Risk affect my investment decisions?,What is the impact of Horizon Risk on personal investment decisions in Canada?,True
How does What are examples of time horizons and potential investments? affect a retail investor?,What are examples of time horizons and suitable investments for a retail investor?,True
How does What investment types are suitable for your time horizon? affect a retail investor?,"What investment types are suitable based on an individual's time horizon, for retail investors?",True
What should I know about What is an investment time horizon? before investing?,What essential facts should one consider regarding the concept of Investment Time Horizon before making investments?,True
What should I know about What investment types are suitable for your time horizon? before investing?,"Which investment types are appropriate based on an investor's time horizon, and what should be considered prior to investing?",True
What should I know about How does your time horizon impact your investment goals? before investing?,"How does one's time horizon affect their investment goals, and what should be known before investing?",True
How does Human capital affect a retail investor?,What is the impact of human capital on a retail investor's financial situation?,True
How does What is an investment time horizon? affect a retail investor?,What is the impact of an investment time horizon on a retail investor?,True
How does What are factors that can affect your time horizon? affect a retail investor?,What are the factors affecting a retail investor's time horizon?,True
What risks should I consider before investing in What is the relationship between risk and your time horizon??,"What are the risks to consider before investing, specifically with regards to the relationship between risk and time horizon?",True
What should I know about Human capital before investing?,What factors should be considered regarding Human Capital before making an investment?,True
How does How does your time horizon impact your investment goals? affect a retail investor?,How does the time horizon impact investment goals for a retail investor?,True
How does What is the relationship between risk and your time horizon? affect my investment decisions?,What is the impact of the relationship between risk and time horizon on investment decisions?,True
What risks should I consider before investing in Horizon Risk?,What risks should an investor consider before investing in Horizon Risk (a specific investment fund or company name)?,True
What should I know about What are examples of time horizons and potential investments? before investing?,"What are some examples of time horizons, and what potential investments might be suitable for each?",True
What should I know about What are factors that can affect your time horizon? before investing?,What are factors that influence an investor's time horizon?,True
What should I know about Deferred sales charges (DSC) and order-execution-only (OEO) trailer bans explained before investing?,What are key points to understand about Deferred Sales Charges (DSC) and Order Execution Only (OEO) trailer bans prior to investment?,True
How does Deferred sales charges (DSC) and order-execution-only (OEO) trailer bans explained affect a retail investor?,How does the ban on Deferred Sales Charges (DSC) and Order Execution Only (OEO) trailers impact a retail investor?,True
What risks should I consider before investing in How much risk are you willing to handle??,"What risks should I consider before investing in a particular opportunity, rather than asking about the level of risk an individual is willing to handle?",True
What risks should I consider before investing in How do you determine your risk profile as an investor??,"What risks should I consider before investing, and how can I determine my risk profile as an investor?",True
How does How much risk are you willing to handle? affect my investment decisions?,To what extent does an investor's risk tolerance impact their investment decisions?,True
How does How does the risk-return relationship affect investing? affect my investment decisions?,How does the risk-return relationship impact my investment decisions?,True
How does What is the risk-return relationship? affect my investment decisions?,What is the impact of the risk-return relationship on investment decisions?,True
How does How much risk are you able to take on? affect my investment decisions?,How does the amount of risk an individual can tolerate impact their investment decisions?,True
How does When could your risk profile change? affect my investment decisions?,Under what circumstances might a change in risk profile impact my investment decisions?,True
What risks should I consider before investing in When could your risk profile change??,"What risks should I consider before investing, and under what circumstances could my risk profile change?",True
What risks should I consider before investing in What is the risk-return relationship??,What risks should I consider before investing in the risk-return relationship?,True
What risks should I consider before investing in How does the risk-return relationship affect investing??,What risks should I consider before investing in the risk-return relationship regarding my investments?,True
How does How do you determine your risk profile as an investor? affect my investment decisions?,What factors influence the determination of a personal risk profile for an investor and how do these factors impact investment decisions?,True
What risks should I consider before investing in How much risk are you able to take on??,What risks should I consider before investing in [specific stock or investment product]?,True
What risks should I consider before investing in What does volatility have to do with investment risk??,"What risks should I consider before investing, specifically concerning the relationship between volatility and investment risk?",True
What risks should I consider before investing in Why does risk matter in investing??,What risks should I consider before investing in why does risk matter in investing?,True
How does Is it possible to take too little risk in investing? affect my investment decisions?,Does taking insufficient risk impact my investment decisions?,True
How does Why is risk important in investing? affect my investment decisions?,What is the impact of understanding risk on investment decisions?,True
How does What does volatility have to do with investment risk? affect my investment decisions?,"What is the relationship between investment volatility and investment risk, and how does it impact my investment decisions?",True
How does Are there risk-free investments? affect my investment decisions?,What impact do risk-free investments have on personal investment decisions?,True
How does What are the different types of investing risk? affect my investment decisions?,What are the different types of investment risks and how do they impact my decision-making process in personal finance/investing?,True
What risks should I consider before investing in How does risk affect your investing portfolio??,What risks should I consider when investing in a portfolio?,True
How does Why does risk matter in investing? affect my investment decisions?,What impact does the significance of risk have on personal investment decisions?,True
What risks should I consider before investing in Why is risk important in investing??,"Which risks should be considered before investing in a given opportunity, and why is risk importance in investing?",True
What risks should I consider before investing in Is it possible to take too little risk in investing??,"What risks should one consider before investing, and can an investor potentially take too little risk?",True
What risks should I consider before investing in Are there risk-free investments??,"What risks should one consider before investing, specifically focusing on if there are any risk-free investments?",True
What risks should I consider before investing in What are the different types of investing risk??,"What risks should one consider before investing, specifically focusing on the different types of investment risks?",True
How does How does risk affect your investing portfolio? affect my investment decisions?,How does risk affect my investment decisions?,True
How does The Canadian Money State of Mind Risk Survey affect my investment decisions?,How does the Canadian MoneySense Risk Survey impact personal investment decisions?,True
What should I know about Scholarship Plan: Interactive Sample before investing?,What information should be considered about the Scholarship Plan: Interactive Sample prior to investment?,True
What risks should I consider before investing in The Canadian Money State of Mind Risk Survey?,What potential risks should be considered prior to investing in The Canadian Money Mindset Risk Survey?,True
How does Scholarship Plan: Interactive Sample affect a retail investor?,What is the impact of Scholarship Plan's Interactive Sample on a retail investor?,True
How does Finfluencer powers of persuasion affect a retail investor?,What is the impact of a Finfluencer's persuasive power on a retail investor?,True
How does AI-enhanced scams: risks and safeguards affect my investment decisions?,"What is the impact of artificial intelligence (AI)-enhanced scams, including risks and safeguards, on personal investment decisions in Canada?",True
What should I know about ESG ratings and retail investor decision making before investing?,"What are essential facts about Environmental, Social, and Governance (ESG) ratings and their impact on retail investment decision-making?",True
How does Can gamification help investors? affect a retail investor?,How does gamification impact a retail investor?,True
What risks should I consider before investing in AI-enhanced scams: risks and safeguards?,"What risks should one consider before investing in AI-augmented investments, and what safeguards can be implemented?",True
How does Gamification & other behavioural techniques affect a retail investor?,How do gamification and behavioral techniques influence the decisions and actions of retail investors in Canada?,True
How does Canadian crypto survey results for 2023 affect a retail investor?,What is the impact of the Canadian crypto survey results for 2023 on retail investors?,True
How does ESG ratings and retail investor decision making affect a retail investor?,What is the impact of ESG ratings on retail investor decision-making in Canada?,True
How does Artificial intelligence and investor behaviour affect a retail investor?,"Does Artificial Intelligence impact the behavior of retail investors, and if so, how?",True
What should I know about Artificial intelligence and investor behaviour before investing?,What are the key points about artificial intelligence's impact on investor behavior that an individual should consider before investing?,True
What should I know about Gamification & other behavioural techniques before investing?,What are key points to consider regarding Gamification and other behavioral techniques in the context of personal finance/investing?,True
What should I know about Finfluencer powers of persuasion before investing?,What is important to consider regarding the influence of Finfluencers on investment decisions?,True
What should I know about Shedding light on dark patterns before investing?,What are essential facts to consider regarding dark patterns in investment before making an investment?,True
How does Shedding light on dark patterns affect a retail investor?,What is the impact of understanding dark patterns on a retail investor?,True
What should I know about Research & reports before investing?,What key points should be considered about research and reports prior to making an investment?,True
How does Research & reports affect a retail investor?,What is the impact of research and reports on a retail investor?,True
How does Gaming the system: Are you being influenced when trading online? affect a retail investor?,How does 'Gaming the System' influence a Retail Investor in Online Trading?,True
What should I know about Profiles of retirement before investing?,What information is important to consider about Retirement Profiles prior to making an investment?,True
What should I know about Can gamification help investors? before investing?,"Is there any information to consider about the potential use of gamification in investing, prior to investment?",True
How does Profiles of retirement affect a retail investor?,What is the impact of Retirement Profiles on a Retail Investor?,True
What should I know about Gaming the system: Are you being influenced when trading online? before investing?,What factors should one consider when trading online regarding potential influence and manipulation before investing?,True
What should I know about Canadian crypto survey results for 2023 before investing?,What key insights should I be aware of from the Canadian Crypto Survey Results for 2023 before making an investment?,True
What should I know about 5. Low cost to own before investing?,What factors should I consider regarding low-cost ownership when considering an investment?,True
How does 5. Low cost to own affect a retail investor?,What is the impact of low cost to own on a retail investor?,True
Does diversification guarantee that I will not lose money?,Does diversification ensure profit and prevent loss in investments?,True
How does 3. Transparency affect a retail investor?,How does transparency impact a retail investor?,True
What should I know about 4. Ease of buying and selling before investing?,What factors should one consider regarding the ease of buying and selling when making an investment?,True
What should I know about 3. Transparency before investing?,What aspects of transparency are important to consider before making an investment in Canada?,True
How does 4. Ease of buying and selling affect a retail investor?,How does the ease of buying and selling impact a retail investor?,True
How much diversification does a retail investor need?,What level of diversification is necessary for a retail investor?,True
How does 2. Passive management affect a retail investor?,What is the impact of passive management on a retail investor?,True
What should I know about 2. Passive management before investing?,What essential information should I consider regarding passive management prior to making an investment?,True
What should I know about How does personal insurance work? before investing?,What should one know about personal insurance before investing?,True
What should I know about What is life insurance and how much do you need? before investing?,What should one consider about life insurance (its nature) and the required amount before investing?,True
What should I know about Personal insurance before investing?,What are important factors to consider regarding Personal Insurance prior to Investing?,True
How does How does personal insurance work? affect a retail investor?,How does personal insurance impact a retail investor?,True
What should I know about Private health and dental insurance before investing?,What are the key factors to consider about private health and dental insurance prior to investment?,True
How does Long-term care insurance basics affect a retail investor?,What is the impact of long-term care insurance basics on a retail investor?,True
How does Health insurance basics affect a retail investor?,What impact does basic health insurance have on a retail investor's personal finance or investing?,True
How does Out of country travel medical insurance affect a retail investor?,What is the impact of out-of-country travel medical insurance on a retail investor's personal finance or investing?,True
How does What is life insurance and how much do you need? affect a retail investor?,What impact does understanding life insurance (its nature and the required amount) have on a retail investor's personal finance/investing?,True
What should I know about Critical illness insurance basics before investing?,What are the essential facts about critical illness insurance for investors to consider?,True
How does Private health and dental insurance affect a retail investor?,"What is the impact of private health and dental insurance on a retail investor's financial situation, if any?",True
How does Personal insurance affect a retail investor?,What is the impact of personal insurance on a retail investor?,True
How does Disability insurance basics affect a retail investor?,What is the impact of Disability Insurance basics on a retail investor?,True
What should I know about Other ways to get personal insurance coverage before investing?,What are the additional options for obtaining personal insurance coverage prior to investment?,True
What should I know about Health insurance basics before investing?,What are the essential facts about health insurance to consider before making an investment?,True
How does Critical illness insurance basics affect a retail investor?,What is the impact of critical illness insurance basics on a retail investor in terms of personal finance and investing?,True
What should I know about Out of country travel medical insurance before investing?,What is important to know about out-of-country travel medical insurance prior to making an investment?,True
How does Other ways to get personal insurance coverage affect a retail investor?,What is the impact of alternative methods for obtaining personal insurance on a retail investor?,True
What should I know about Long-term care insurance basics before investing?,What are the essential aspects of long-term care insurance to consider before making an investment?,True
What should I know about Disability insurance basics before investing?,What are the essential aspects of Disability Insurance to consider before making an investment?,True
How does Bank accounts affect a retail investor?,What is the impact of bank accounts on a retail investor?,True
How does How chequing accounts work affect a retail investor?,What is the impact of checking account operations on a retail investor?,True
What should I know about Bank account basics before investing?,What are essential facts about bank accounts that an investor should understand before investing?,True
How does How to close a bank account affect a retail investor?,What is the impact on a retail investor when closing a bank account?,True
What should I know about How savings accounts work before investing?,What should one understand about Savings Accounts before engaging in Investments?,True
What should I know about How to close a bank account before investing?,What are the steps to close a bank account before making an investment?,True
How does How savings accounts work affect a retail investor?,What is the impact of savings accounts on a retail investor?,True
What should I know about How chequing accounts work before investing?,What are the key points to understand about checking accounts prior to investing?,True
What should I know about Bank accounts before investing?,What are essential factors to consider about bank accounts prior to making an investment?,True
How does Bank account basics affect a retail investor?,What is the impact of basic bank account features on a retail investor?,True
How does Conflicts of interest affect a retail investor?,What is the impact of conflicts of interest on retail investors in Canada?,True
How does Putting your interests first affect a retail investor?,What is the impact of prioritizing one's own interests on a retail investor?,True
What should I know about Changes to expect before investing?,"Before investing, what changes should one anticipate?",True
What should I know about Conflicts of interest before investing?,What are the key points to consider regarding conflicts of interest when making investments in a Canadian context?,True
What should I know about Putting your interests first before investing?,What are the key considerations for prioritizing one's own interests when making investment decisions?,True
How does Changes to expect affect a retail investor?,What is the impact of changes in expectations on a retail investor?,True
How does Making a complaint affect a retail investor?,What is the impact of making a complaint on a retail investor in Canada?,True
What should I know about Making a complaint: Reporting wrongdoing before investing?,What information is important to consider when reporting potential wrongdoing prior to making an investment in Canada?,True
How does Potential OBSI changes for investment dispute resolution affect a retail investor?,How does the potential change in OBSI (Ombudsman for Banking Services and Investments) impact retail investors regarding dispute resolution in investments?,True
How does How to make a complaint to get your money back affect a retail investor?,What is the impact of making a complaint to retrieve funds on a retail investor?,True
How does Making a complaint: Reporting wrongdoing affect a retail investor?,What is the impact of making a complaint and reporting wrongdoing on a retail investor in Canada?,True
What should I know about How to make a complaint to get your money back before investing?,What are the steps to submit a complaint to receive a refund before making an investment in Canada?,True
What should I know about Potential OBSI changes for investment dispute resolution before investing?,Is it important to be aware of potential changes in the OBSI (Ombudsman for Banking Services and Investments) regarding investment dispute resolution before making an investment?,True
What should I know about Where to go if you have a concern or complaint before investing?,What information is important regarding the steps to take for addressing concerns or complaints before investing in Canada?,True
What should I know about How can the OSC Inquiries and Contact Centre help you? before investing?,What information can be obtained from the OSC Inquiries and Contact Centre that might be useful before investing?,True
How does Where to go if you have a concern or complaint affect a retail investor?,What impact does the process of addressing concerns or complaints have on a retail investor in Canada?,True
What should I know about Making a complaint before investing?,What essential information should I be aware of regarding making a complaint prior to investing?,True
How does How can the OSC Inquiries and Contact Centre help you? affect a retail investor?,How does the Ontario Securities Commission (OSC) Inquiries and Contact Centre impact a retail investor?,True
What should I know about What is ESG greenwashing? before investing?,What should an investor know about ESG Greenwashing before making investments?,True
What should I know about ESG investing before investing?,What key points should one consider about socially responsible (ESG) investing before making an investment?,True
What should I know about ESG terms for investors before investing?,"What essential information should an investor understand about ESG (Environmental, Social, and Governance) terms prior to investment?",True
How does What is ESG investing? affect a retail investor?,"What is the impact of ESG (Environmental, Social, and Governance) investing on a retail investor?",True
How does ESG investing affect a retail investor?,"What is the impact of ESG (Environmental, Social, and Governance) investing on a retail investor?",True
How does What is ESG greenwashing? affect a retail investor?,What impact does ESG greenwashing have on a retail investor?,True
How does ESG terms for investors affect a retail investor?,"What is the impact of ESG (Environmental, Social, and Governance) terms on retail investors?",True
What should I know about What is ESG investing? before investing?,What should one know about ESG investing before investment?,True
How does Other types of workplace savings plans affect a retail investor?,What is the impact of alternative workplace savings plans on a retail investor?,True
What should I know about Other types of workplace savings plans before investing?,What are key considerations for other types of workplace savings plans before investing?,True
What should I know about What is a pension plan and how does it work? before investing?,"What should an individual understand about pension plans, including their functioning, before making an investment?",True
What should I know about How Group RRSPs and Group TFSAs work before investing?,What are the key aspects to understand about Group Registered Retirement Savings Plans (RRSPs) and Group Tax-Free Savings Accounts (TFSAs) before making an investment?,True
How does How Group RRSPs and Group TFSAs work affect a retail investor?,How do Group RRSPs and Group TFSAs function for a retail investor?,True
What should I know about Pension & savings plans before investing?,What key factors should one consider about pension and savings plans prior to investment?,True
How does Individual Pension Plans (IPPs) affect a retail investor?,What is the impact of Individual Pension Plans (IPPs) on a retail investor?,True
How does Pension & savings plans affect a retail investor?,What is the impact of Pension and Savings Plans on a Retail Investor?,True
What should I know about Individual Pension Plans (IPPs) before investing?,What key factors should be considered about Individual Pension Plans (IPPs) prior to investment?,True
How does How defined benefit pension plans work affect a retail investor?,How do defined benefit pension plans impact retail investors?,True
How does What is a pension plan and how does it work? affect a retail investor?,What is the impact of a pension plan on a retail investor?,True
What should I know about How defined benefit pension plans work before investing?,"How do defined benefit pension plans work, and what should one consider before investing in them?",True
How does How defined contribution pension plans work affect a retail investor?,How do defined contribution pension plans impact retail investors?,True
What should I know about How defined contribution pension plans work before investing?,How do defined contribution pension plans function in the context of investment?,True
What should I know about What are the different types of financial advice providers? before investing?,What are the different types of financial advisors and what should I consider before investing with each?,True
How does What are the different types of financial advice providers? affect a retail investor?,What are the different types of financial advice providers and how do they impact a retail investor?,True
How does Life Events affect a retail investor?,What impact do life events have on a retail investor's portfolio management and decision-making process?,True
What should I know about Life Events before investing?,What factors related to life events should be considered before making an investment?,True
How does What to do if your child receives an inheritance affect a retail investor?,"What impact does receiving an inheritance have on a retail investor, specifically regarding investment decisions for a child's inheritance?",True
How does Financial and investing tips at any age affect a retail investor?,What is the impact of financial and investing advice at various ages on a retail investor?,True
How does Managing money in a second relationship affect a retail investor?,What impact does managing finances in a second relationship have on a retail investor?,True
What should I know about 6 money management tips for the sandwich generation before investing?,What are six money management tips specifically relevant for the 'Sandwich Generation' before investing in Canada?,True
What should I know about Personal finance for veterans and service members before investing?,What key factors should be considered in personal finance for veterans and service members prior to investing?,True
How does How to manage money as a couple affect a retail investor?,What is the impact of managing money as a couple on a retail investor?,True
What should I know about How to help your adult children build financial independence before investing?,How can an individual assist their adult child in achieving financial independence prior to investing?,True
How does Take the love and money quiz affect a retail investor?,What is the impact of the 'Take the Love and Money Quiz' on a retail investor?,True
What should I know about What to do if your child receives an inheritance before investing?,What should be considered when a child receives an inheritance before making investments?,True
How does How to help your adult children build financial independence affect a retail investor?,How does helping adult children build financial independence impact a retail investor?,True
What should I know about How to budget when you’ve started living on your own before investing?,"What should one consider when budgeting for the first time while living independently, prior to investing?",True
What should I know about Managing money in a second relationship before investing?,"What factors should be considered when managing finances in a second relationship, prior to investment decisions?",True
How does The costs of coming to Canada: Money management tips for new Canadians affect a retail investor?,What is the impact of money management tips for new Canadians (regarding immigration costs) on a retail investor's portfolio?,True
What should I know about How to manage money as a couple before investing?,What factors should be considered when managing money as a couple prior to investing?,True
How does How to budget when you’ve started living on your own affect a retail investor?,How does budgeting for those who have recently begun living independently affect their retail investing activities?,True
What should I know about Financial and investing tips at any age before investing?,"What essential financial and investment knowledge is necessary before investing, regardless of age?",True
What should I know about Take the love and money quiz before investing?,What are essential factors to consider before participating in a 'Love and Money' investment quiz?,True
What should I know about The costs of coming to Canada: Money management tips for new Canadians before investing?,"What are the financial considerations and money management tips for new Canadians before they invest, focusing on the costs associated with immigrating to Canada?",True
How does 6 money management tips for the sandwich generation affect a retail investor?,What is the impact of six money management tips specifically designed for the sandwich generation on a typical retail investor?,True
How does Personal finance for veterans and service members affect a retail investor?,What is the impact of personal finance for veterans and service members on retail investing?,True
What should I know about 3. Ask questions before investing?,What points should be considered before making an investment?,True
How does 2. Understand what you’re investing in affect a retail investor?,How does understanding what one is investing in impact a retail investor?,True
How does 3. Ask questions affect a retail investor?,What is the impact of asking three specific questions on a retail investor?,True
How does Your responsibilities as an investor affect a retail investor?,What is the impact of an individual investor's responsibilities on a retail investor?,True
How does 3 key responsibilities affect a retail investor?,What are the effects of three key responsibilities on a retail investor?,True
What should I know about 3 key responsibilities before investing?,What are the three essential responsibilities to consider before making an investment?,True
What should I know about 3. Use a benchmark before investing?,What is important to consider when using a benchmark before making an investment?,True
What should I know about Your responsibilities as an investor before investing?,What are the key responsibilities of an Investor before making an investment?,True
How does 5. Disclosure documents affect a retail investor?,What is the impact of disclosure documents on a retail investor?,True
What should I know about 2. Understand what you’re investing in before investing?,What key points should one consider when evaluating an investment before making a decision?,True
How does 9. General economic news affect a retail investor?,How does general economic news impact a retail investor?,True
What should I know about 8. Follow stock market news before investing?,Should one follow stock market news prior to investing?,True
What should I know about 6. Review account statements before investing?,Is it important to review account statements prior to investment?,True
How does 8. Follow stock market news affect a retail investor?,What is the impact of following stock market news on a retail investor in Canada?,True
How does 6. Review account statements affect a retail investor?,What is the impact of regularly reviewing account statements on a retail investor?,True
How does 3. Use a benchmark affect a retail investor?,How does using a benchmark impact a retail investor?,True
What should I know about 9. General economic news before investing?,What key points should one consider regarding general economic news before making an investment decision in Canada?,True
What should I know about 5. Disclosure documents before investing?,What information should be known about disclosure documents prior to investment in Canada?,True
What should I know about Investing in the cannabis industry before investing?,What key factors should be considered before investing in the Cannabis industry?,True
How does Income trusts affect a retail investor?,What is the impact of income trusts on a retail investor in Canada?,True
How does Flow-through shares affect a retail investor?,What is the impact of flow-through shares on retail investors in terms of personal finance and investing?,True
How does High yield bonds affect a retail investor?,What is the impact of high-yield bonds on a retail investor?,True
What should I know about Principal protected notes (PPNs) before investing?,What key information should be considered about Principal Protected Notes (PPNs) prior to investment?,True
How does Investing in the cannabis industry affect a retail investor?,What is the impact of investing in the cannabis industry on a retail investor?,True
How does Understanding key features in banks’ debt and preferred share offerings affect a retail investor?,How does understanding key features of bank's debt and preferred shares impact a retail investor?,True
What should I know about Guaranteed minimum withdrawal benefit (GMWB) products before investing?,What are key points to consider about Guaranteed Minimum Withdrawal Benefit (GMWB) products prior to investment?,True
How does Guaranteed minimum withdrawal benefit (GMWB) products affect a retail investor?,How does a Guaranteed Minimum Withdrawal Benefit (GMWB) product impact a retail investor?,True
What should I know about More complex investments before investing?,What key factors should be considered about more complex investments prior to investment?,True
How does More complex investments affect a retail investor?,What is the impact of more complex investments on a retail investor?,True
What should I know about High yield bonds before investing?,What key points should one consider regarding high-yield bonds prior to investment?,True
How does What do investors need to know about quantum computing? affect a retail investor?,What information should a retail investor know about quantum computing?,True
What should I know about Flow-through shares before investing?,What key information should be considered regarding flow-through shares prior to investment?,True
What should I know about What do investors need to know about quantum computing? before investing?,What should investors know about quantum computing before investing?,True
How does Principal protected notes (PPNs) affect a retail investor?,What is the impact of Principal Protected Notes (PPNs) on a retail investor?,True
What should I know about Income trusts before investing?,What essential information should be known about income trusts prior to investment?,True
What should I know about What are SPACs and other alternative market entrants? before investing?,"What should an investor know about Special Purpose Acquisition Companies (SPACs) and other alternative market entrants, prior to investment?",True
How does What are SPACs and other alternative market entrants? affect a retail investor?,What is the impact of Special Purpose Acquisition Companies (SPACs) and other alternative market entrants on retail investors?,True
What should I know about Understanding key features in banks’ debt and preferred share offerings before investing?,What are the essential aspects to consider when evaluating banks' debt and preferred shares offerings prior to investment?,True
How does Make an investment recovery plan affect a retail investor?,What is the impact of creating an investment recovery plan on a retail investor?,True
What should I know about Tracking your progress before investing?,What key points should be considered when tracking investment progress prior to investment?,True
How does Tracking your returns affect a retail investor?,What is the impact of tracking one's investment returns on a retail investor?,True
What should I know about Managing your finances solo before investing?,What factors should be considered when managing one's finances independently prior to investing?,True
How does Tracking your progress affect a retail investor?,What is the impact of tracking progress on a retail investor?,True
How does Managing your finances solo affect a retail investor?,What is the impact of self-management on a retail investor's financial performance?,True
What should I know about Make an investment recovery plan before investing?,What key points should be considered when creating an investment recovery plan prior to investing?,True
What should I know about Tracking your returns before investing?,What factors should be considered when tracking returns prior to investment in a Canadian context?,True
How does How to check your investing accounts affect a retail investor?,What is the impact of checking one's investing accounts on a retail investor?,True
What should I know about How to manage financial stress and avoid burnout before investing?,What are effective strategies for managing financial stress and preventing burnout prior to investing?,True
How does How to manage financial stress and avoid burnout affect a retail investor?,What is the impact of managing financial stress and avoiding burnout on a retail investor?,True
What should I know about How to check your investing accounts before investing?,What information should be checked in an investing account prior to investment?,True
What should I know about How to budget for charitable giving before investing?,What should one consider when budgeting for charitable donations prior to investing?,True
What should I know about How to manage a windfall before investing?,What factors should be considered when managing a windfall before making investments?,True
How does If you spend more than you earn affect a retail investor?,What is the impact of spending more than earning on a retail investor?,True
What should I know about Budgeting before investing?,What are essential aspects to consider regarding budgeting prior to investing?,True
How does Budgeting affect a retail investor?,What is the impact of budgeting on a retail investor?,True
What should I know about How to budget on a fluctuating income before investing?,What information is essential for budgeting with a variable income before investing?,True
How does When to review your budget affect a retail investor?,What is the impact of regularly reviewing a budget on a retail investor?,True
How does How to budget on a fluctuating income affect a retail investor?,What is the impact of managing a budget with a fluctuating income on a retail investor?,True
How does Four ways to track your expenses affect a retail investor?,What is the impact of four methods for tracking expenses on a retail investor?,True
How does Take the stress out of budgeting affect a retail investor?,What impact does 'Take the Stress Out of Budgeting' have on a Retail Investor?,True
How does How to plan for occasional and unexpected expenses affect a retail investor?,What is the impact of planning for occasional and unexpected expenses on a retail investor?,True
What should I know about Take the stress out of budgeting before investing?,What factors should be considered for effective budgeting prior to investing in Canada?,True
What should I know about Four ways to track your expenses before investing?,What are the four methods for tracking expenses prior to investing?,True
What should I know about How to plan for occasional and unexpected expenses before investing?,What strategies are effective for planning for occasional and unexpected expenses prior to investing?,True
What should I know about How to create a balanced budget before investing?,What factors should be considered when creating a balanced budget before investing?,True
How does How to budget for charitable giving affect a retail investor?,What is the impact of budgeting for charitable giving on a retail investor?,True
How does Get your finances vacation ready affect a retail investor?,What is the impact of preparing finances for a vacation on a retail investor?,True
How does How to manage a windfall affect a retail investor?,What is the impact of managing a windfall on a retail investor?,True
How does How to create a balanced budget affect a retail investor?,What is the impact of creating a balanced budget on a retail investor?,True
What should I know about Get your finances vacation ready before investing?,What are the considerations for preparing one's finances for a vacation before making an investment?,True
What should I know about When to review your budget before investing?,When is it appropriate to review a budget prior to investing?,True
What should I know about If you spend more than you earn before investing?,What are the implications when spending exceeds earnings prior to investing?,True
What should I know about How the First Home Savings Account (FHSA) works before investing?,What is the functionality of a First Home Savings Account (FHSA) in Canada for potential investors?,True
How does What is an RRSP and how does it work affect a retail investor?,What is the impact of an RRSP (Registered Retirement Savings Plan) on a retail investor in Canada?,True
"How does The top differences between TFSAs, RRSPs and FHSAs affect a retail investor?","What are the key differences between TFSA (Tax-Free Savings Account), RRSP (Registered Retirement Savings Plan), and FHSA (First Home Savings Account) in terms of their impact on a Canadian retail investor?",True
How does 5 reasons to open an RRSP affect a retail investor?,"What are the impacts of opening an RRSP for a retail investor, considering five specific reasons?",True
What should I know about What is an RRSP and how does it work before investing?,What is an RRSP (Registered Retirement Savings Plan) and how does it function for investment purposes?,True
What should I know about Making RRSP withdrawals before and after you retire before investing?,"What are the key factors to consider when making RRSP withdrawals before and after retirement, prior to investing?",True
How does How the First Home Savings Account (FHSA) works affect a retail investor?,How does the operation of a First Home Savings Account (FHSA) impact a retail investor?,True
What should I know about 5 reasons to open an RRSP before investing?,Why is it beneficial to open a Registered Retirement Savings Plan (RRSP) before investing?,True
"What should I know about The top differences between TFSAs, RRSPs and FHSAs before investing?","What are the key differences between TFSA (Tax-Free Savings Account), RRSP (Registered Retirement Savings Plan), and FHSA (First Home Savings Account) before investing in them?",True
What should I know about Ways to contribute to an RRSP before investing?,What are the methods for contributing to a Registered Retirement Savings Plan (RRSP) prior to investment?,True
How does Making RRSP withdrawals before and after you retire affect a retail investor?,What is the impact of making RRSP withdrawals before and after retirement on a retail investor in Canada?,True
How does Ways to contribute to an RRSP affect a retail investor?,What is the impact of various methods of contributing to a Registered Retirement Savings Plan (RRSP) on a retail investor?,True
What should I know about Community outreach before investing?,What is the importance and relevant information to consider about community outreach when making investment decisions?,True
What should I know about OSC in the Community before investing?,What should one know about the Ontario Securities Commission (OSC) and its community before making an investment decision?,True
How does OSC in the Community affect a retail investor?,What is the impact of OSC in the Community on a retail investor?,True
What should I know about Resources for Investors before investing?,What information should investors be aware of regarding Resources for Investing prior to investment?,True
How does Community outreach affect a retail investor?,What is the impact of community outreach on a retail investor?,True
What should I know about An FAQ from OSC in the Community before investing?,What information can be obtained about investing from the OSC's FAQ in their community?,True
How does An FAQ from OSC in the Community affect a retail investor?,What is the impact of an FAQ (Frequently Asked Questions) from the Ontario Securities Commission's (OSC) Community on a retail investor?,True
How does Resources for Investors affect a retail investor?,What is the impact of Resources for Investors on a retail investor?,True
How does When to review your estate plan affect a retail investor?,What impact does reviewing an estate plan have on a retail investor?,True
What should I know about Communicating your estate plan before investing?,What are essential factors to consider when discussing an estate plan before making investments?,True
What should I know about How power of attorney works before investing?,What should one know about the workings of a Power of Attorney before investing?,True
What should I know about What your will should cover and why before investing?,What aspects should a will encompass and why is it important to consider them before investing?,True
How does Role of the executor affect a retail investor?,What is the impact of an executor on a retail investor's portfolio?,True
How does Communicating your estate plan affect a retail investor?,Does communicating an estate plan impact a retail investor?,True
How does What your will should cover and why affect a retail investor?,What impact does the content and purpose of a will have on a retail investor?,True
What should I know about Estate planning explained before investing?,What factors should be considered in estate planning prior to investing?,True
What should I know about Information by province and territory before investing?,What are the key points to consider about investment information by each Canadian province and territory?,True
How does How power of attorney works affect a retail investor?,How does the power of attorney impact a retail investor?,True
How does Using trusts in estate planning affect a retail investor?,What is the impact of using trusts for estate planning on retail investors?,True
How does Estate planning if you own a business affect a retail investor?,Does the process of estate planning for a business owner impact a retail investor?,True
What should I know about Using trusts in estate planning before investing?,What are key considerations for using trusts in estate planning prior to investment?,True
How does Reducing your estate costs affect a retail investor?,What is the impact of reducing estate costs on a retail investor?,True
What should I know about Estate planning if you own a business before investing?,"What is essential to consider regarding estate planning when one owns a business, prior to investing?",True
What should I know about When to review your estate plan before investing?,When should one review their estate plan prior to investing?,True
What should I know about Reducing your estate costs before investing?,What factors should be considered to minimize estate-related costs prior to investment in Canada?,True
How does Information by province and territory affect a retail investor?,What is the impact of information by province/territory on a retail investor in Canada?,True
How does Wills and estate planning affect a retail investor?,What is the impact of Wills and Estate Planning on a Retail Investor?,True
What should I know about Role of the executor before investing?,What should one know about the role of an executor in relation to investment?,True
What should I know about Wills and estate planning before investing?,What are the essential aspects of wills and estate planning that investors should consider prior to investing?,True
How does Estate planning explained affect a retail investor?,Does understanding estate planning impact a retail investor?,True
What should I know about Understanding crypto asset trading platforms before investing?,What are key factors to consider when researching cryptocurrency asset trading platforms prior to investment?,True
What should I know about Digital tokens: A reality check before investing?,What are important factors to consider before investing in Digital Tokens?,True
How does Digital coin basics affect a retail investor?,What is the impact of digital coins (cryptocurrencies) on retail investors?,True
How does Understanding crypto asset trading platforms affect a retail investor?,How does understanding cryptocurrency trading platforms impact a retail investor?,True
How does Check your crypto knowledge affect a retail investor?,What is the impact of checking one's knowledge about cryptocurrency on a retail investor?,True
How does What are the risks of investing in crypto? affect my investment decisions?,What are the risks involved in cryptocurrency investments and how do they impact my decision-making process?,True
What should I know about Digital coin basics before investing?,What essential facts should one understand about the fundamentals of digital coins prior to investing?,True
How does What are crypto assets? affect a retail investor?,What is the impact of Cryptocurrency Assets on Retail Investors?,True
What should I know about What are crypto assets? before investing?,What essential information should one consider regarding Cryptocurrency Assets before making an investment?,True
What should I know about Check your crypto knowledge before investing?,What key points should one consider regarding one's cryptocurrency knowledge prior to investing?,True
What should I know about Crypto assets before investing?,What essential facts should one consider before investing in Cryptocurrencies?,True
What risks should I consider before investing in What are the risks of investing in crypto??,What are the risks associated with investing in cryptocurrency?,True
What should I know about How are crypto assets regulated? before investing?,What is the regulation of cryptocurrencies that investors should be aware of before investing?,True
How does Crypto assets affect a retail investor?,What is the impact of Cryptocurrency assets on retail investors?,True
How does The unsteady truth about stablecoins affect a retail investor?,How does the instability of stablecoins impact a retail investor?,True
What should I know about The unsteady truth about stablecoins before investing?,What key factors should be considered regarding stablecoins before investing?,True
How does Digital tokens: A reality check affect a retail investor?,What is the impact of digital tokens (cryptocurrencies) on a retail investor?,True
How does How are crypto assets regulated? affect a retail investor?,How does the regulation of cryptocurrencies affect a retail investor?,True
How does Checklist: Protecting your financial information affect a retail investor?,What is the impact of Checklist: Protecting Your Financial Information on Retail Investors?,True
What should I know about Checklist: Protecting your financial information before investing?,What key points should be considered when protecting one's financial information prior to investing in Canada?,True
What risks should I consider before investing in Risk rating?,Which risks should be considered before making an investment in a risk-rated asset or product?,True
How does Risk rating affect my investment decisions?,How does a Risk Rating impact personal investment decisions in Canada?,True
What should I know about Past performance before investing?,What is important to consider about past performance when making an investment decision in Canada?,True
How does Other important information affect a retail investor?,What impact does 'Other important information' have on a retail investor in the context of personal finance and investing?,True
What should I know about Other important information before investing?,What are the key points to consider as other important information before making an investment in Canada?,True
How does Past performance affect a retail investor?,What impact does past performance have on a retail investor in the context of personal finance and investing?,True
How does 4. Automatic contributions affect a retail investor?,What is the impact of automatic contributions on a retail investor?,True
What should I know about 4. Automatic contributions before investing?,What information is essential regarding automatic contributions prior to investing?,True
What should I know about 3. Buying and selling before investing?,What are the key considerations when purchasing and selling investments?,True
How does 3. Buying and selling affect a retail investor?,What is the impact of buying and selling on a retail investor?,True
How does 1. Active vs. Passive affect a retail investor?,What is the impact of Active versus Passive investment strategies on retail investors?,True
What should I know about 1. Active vs. Passive before investing?,What are the key differences between Active and Passive investment strategies before making an investment decision in Canada?,True
How does How to make RRIF withdrawals affect a retail investor?,What is the impact of making RRIF withdrawals on a retail investor?,True
What should I know about What happens to your RRIF when you die before investing?,"What are the implications for a RRIF (Registered Retirement Income Fund) when its owner dies, prior to investment?",True
How does What happens to your RRIF when you die affect a retail investor?,What are the implications of a RRIF (Registered Retirement Income Fund) upon death for a retail investor?,True
What should I know about How to make RRIF withdrawals before investing?,What information is necessary regarding making RRIF withdrawals prior to investment?,True
How does 2. Trailing commissions affect a retail investor?,What is the impact of trailing commissions on a retail investor?,True
What should I know about 2. Trailing commissions before investing?,What is essential to understand about trailing commissions prior to investment?,True
What should I know about Other costs to consider before investing?,What are the other costs to be considered before investing in Canada?,True
How does Other costs to consider affect a retail investor?,What impact do other costs to consider have on a retail investor in the context of personal finance and investing?,True
How does 4 types of sales charges affect a retail investor?,What is the impact of four different types of sales charges on a retail investor?,True
What should I know about 4 types of sales charges before investing?,What are the key points to consider about four types of sales charges prior to investment?,True
How does Opening an RESP affect a retail investor?,What is the impact of opening a Registered Education Savings Plan (RESP) on a retail investor?,True
What should I know about Educational assistance payments (EAPs) before investing?,What are key considerations regarding Educational Assistance Payments (EAPs) prior to investment?,True
How does If your child doesn’t continue their education affect a retail investor?,How does the decision not to pursue further education by a family member impact a retail investor's financial situation and investment strategy?,True
How does RESPs 101 Part 1: What is an RESP? affect a retail investor?,What is the impact of learning about Registered Education Savings Plans (RESPs) in Part 1 on a retail investor?,True
How does Opening an RESP when you’re not the child’s parent affect a retail investor?,What are the implications for a retail investor of opening a Registered Education Savings Plan (RESP) when they are not the child's parent?,True
What should I know about Choosing an RESP provider before investing?,What factors should be considered when choosing an RESP (Registered Education Savings Plan) provider for investment?,True
What should I know about Opening an RESP when you’re not the child’s parent before investing?,"What information is necessary to know about opening a Registered Education Savings Plan (RESP) when one is not the child's parent, prior to investing?",True
How does Understanding group RESPs affect a retail investor?,How does understanding Group Registered Education Savings Plans (RESPs) impact a retail investor?,True
How does Choosing an RESP provider affect a retail investor?,What is the impact of selecting an RESP (Registered Education Savings Plan) provider on a retail investor?,True
How does Educational assistance payments (EAPs) affect a retail investor?,What is the impact of Educational Assistance Payments (EAPs) on a retail investor?,True
How does Calculate your RESP savings affect a retail investor?,What is the impact of calculating RESP (Registered Education Savings Plan) savings on a retail investor in Canada?,True
What should I know about RESPs 101 Part 1: What is an RESP? before investing?,What essential information should be known about Registered Education Savings Plans (RESPs) prior to investment?,True
What should I know about If your child doesn’t continue their education before investing?,Should I consider the future of a child's education before making an investment if they are not currently pursuing one?,True
What should I know about Calculate your RESP savings before investing?,What essential factors should be considered when calculating Registered Education Savings Plan (RESP) savings prior to investment?,True
What should I know about 6 reasons to open an RESP before investing?,What are the six reasons for opening a Registered Education Savings Plan (RESP) before making investments?,True
What should I know about Understanding group RESPs before investing?,What key points should one consider when learning about Group Registered Education Savings Plans (RESPs) prior to investment?,True
What should I know about Opening an RESP before investing?,What important factors should be considered prior to opening a Registered Education Savings Plan (RESP) for investment purposes?,True
What should I know about How RESPs work before investing?,What key points should be understood about Registered Education Savings Plans (RESPs) before investing in them?,True
How does 6 reasons to open an RESP affect a retail investor?,What are the effects of six reasons for opening a Registered Education Savings Plan (RESP) on a retail investor?,True
How does How RESPs work affect a retail investor?,What is the impact of Registered Education Savings Plans (RESPs) on a retail investor?,True
What should I know about Who is a Trusted Contact Person? before investing?,What should one know about a Trusted Contact Person prior to investing?,True
How does Your Trusted Contact Person and why they matter affect a retail investor?,What is the role and importance of a Trusted Contact Person for a retail investor in Canada?,True
How does Who should you name as your Trusted Contact Person? affect a retail investor?,What is the impact of naming a Trusted Contact Person on a retail investor?,True
How does What to know if you are named as a Trusted Contact Person affect a retail investor?,What is the impact on a retail investor when they are designated as a Trusted Contact Person?,True
What should I know about Who should you name as your Trusted Contact Person? before investing?,What should be known about Designating a Trusted Contact Person before Investing?,True
How does Who is a Trusted Contact Person? affect a retail investor?,What is the impact of a Trusted Contact Person on a Retail Investor?,True
What should I know about Your Trusted Contact Person and why they matter before investing?,"What should one know about a Trusted Contact Person in the context of investing, and why is their importance relevant?",True
What should I know about How is this different than a power of attorney? before investing?,"What should one know about the difference between Power of Attorney and Investing, prior to investment?",True
How does How is this different than a power of attorney? affect a retail investor?,What is the difference between a Power of Attorney and how it affects a retail investor?,True
What should I know about What to know if you are named as a Trusted Contact Person before investing?,What information is important to know when designated as a Trusted Contact Person prior to investment?,True
How does What are the costs associated with LSIFs? affect a retail investor?,What are the costs associated with LSIFs and how do they impact a retail investor?,True
How does What are the risks of LSIFs? affect my investment decisions?,What are the risks associated with LSIFs and how do they impact my investment decisions?,True
What should I know about What are the costs associated with LSIFs? before investing?,What are the costs associated with LSIFs (Liquefied Natural Gas Infrastructure Funds) that an investor should consider before investing?,True
What risks should I consider before investing in What are the risks of LSIFs??,What are the risks associated with investing in LSIFs?,True
How does Did you get smarter about trading? affect a retail investor?,What impact does personal learning about trading have on a retail investor?,True
What should I know about Did you get smarter about trading? before investing?,What factors should be considered before making investment decisions related to trading?,True
What should I know about Factors that affect bond prices and how to monitor them before investing?,"What are the factors affecting bond prices, and how can one monitor these factors prior to investment in Canada?",True
How does Bonds 101: What is a bond? affect a retail investor?,What impact does the educational content 'Bonds 101: Understanding Bonds' have on a retail investor?,True
How does How bonds work affect a retail investor?,What is the impact of how bond investments work on a retail investor?,True
What should I know about Bonds 101: What is a bond? before investing?,What is the essential information about bonds that one should understand before investing?,True
How does Factors that affect bond prices and how to monitor them affect a retail investor?,What is the impact of factors affecting bond prices and their monitoring on a retail investor?,True
What should I know about How bonds work before investing?,What essential information should one understand about bond mechanics prior to investing?,True
What should I know about Factors that can affect stock prices before investing?,What are key factors affecting stock prices before investing in the Canadian market?,True
What should I know about How to evaluate companies when buying stock before investing?,How to properly assess companies before purchasing their stocks for investment purposes?,True
What should I know about More complex ways to invest in stocks before investing?,What are some key points to consider regarding more complex methods of stock investment before proceeding?,True
How does More complex ways to invest in stocks affect a retail investor?,What is the impact of more complex investing strategies on retail investors?,True
How does Factors that can affect stock prices affect a retail investor?,How do factors affecting stock prices impact retail investors?,True
How does Fractional share ownership affect a retail investor?,What is the impact of fractional share ownership on a retail investor?,True
How does How to evaluate companies when buying stock affect a retail investor?,What is the impact of evaluating companies before purchasing stocks on a retail investor?,True
What should I know about How stocks and dividends work before investing?,What key points should be understood about the operation of stocks and dividends prior to investing?,True
What should I know about How to buy and sell stocks before investing?,What are the essential factors to consider before buying and selling stocks for investment?,True
How does How to buy and sell stocks affect a retail investor?,What is the impact of buying and selling stocks on a retail investor in Canada?,True
How does How trading apps may nudge your behaviour affect a retail investor?,How do trading apps' potential influences on behavior impact retail investors?,True
What should I know about How trading apps may nudge your behaviour before investing?,"What are the influences of trading apps on investment behavior, specifically nudges prior to investing?",True
How does How to monitor stock performance affect a retail investor?,What is the impact of monitoring stock performance on a retail investor?,True
How does How stocks and dividends work affect a retail investor?,How do stocks and dividends impact a retail investor?,True
What should I know about Fractional share ownership before investing?,What is important to know about fractional share ownership for investment purposes in Canada?,True
What should I know about How to monitor stock performance before investing?,What factors should be considered when monitoring stock performance prior to investment?,True
How does Can you be both an active and passive investor? affect a retail investor?,How can a retail investor balance being an active and passive investor?,True
What should I know about What is an index? before investing?,What should a person know about an index before investing?,True
How does What is an index? affect a retail investor?,What is the impact of an index on a retail investor?,True
What should I know about What is active investing? before investing?,What key points should one understand about Active Investing before making an investment?,True
What should I know about What is passive investing? before investing?,What should one know about passive investing before investing?,True
How does What is passive investing? affect a retail investor?,What is the impact of passive investing on a retail investor?,True
How does What is active investing? affect a retail investor?,What is the impact of active investing on a retail investor?,True
What should I know about Can you be both an active and passive investor? before investing?,Can one simultaneously practice both active and passive investment strategies before investing? What factors should be considered?,True
How does Five ways to find money to save affect a retail investor?,What is the impact on a retail investor when using five strategies to find savings?,True
What should I know about 10 ways to make it easier to save before investing?,What are the key points to consider when making it simpler to accumulate funds prior to investment?,True
How does How does compound interest help your money grow? affect a retail investor?,How does compound interest aid the growth of a retail investor's money?,True
What should I know about Preparing for financial emergencies before investing?,What essential information should be considered when preparing for financial emergencies prior to investing?,True
How does Saving money affect a retail investor?,What is the impact of saving money on a retail investor in terms of personal finance and investing?,True
What should I know about How does compound interest help your money grow? before investing?,What key points should one understand about the growth of money through compound interest prior to investing?,True
How does Saving for long-term goals affect a retail investor?,What is the impact of saving for long-term goals on a retail investor?,True
What should I know about Saving money before investing?,What essential knowledge is required about saving funds prior to investment?,True
How does Preparing for financial emergencies affect a retail investor?,What is the impact of preparing for financial emergencies on a retail investor?,True
How does Saving or investing for short-term goals affect a retail investor?,What is the impact of saving or investing for short-term goals on a retail investor?,True
How does How setting goals can help you save affect a retail investor?,How does goal-setting impact a retail investor's saving and investing behavior?,True
How does 4 reasons to keep saving when inflation is high affect a retail investor?,What are the four reasons that influence a retail investor when saving during periods of high inflation?,True
How does Saving versus investing affect a retail investor?,What is the impact of saving versus investing on a retail investor in Canada?,True
What should I know about Saving for long-term goals before investing?,What key factors should be considered when saving for long-term goals prior to investing?,True
What should I know about Saving versus investing before investing?,What are the key points to consider when deciding between saving and investing prior to investment?,True
What should I know about Five ways to find money to save before investing?,What are five strategies for finding funds to save prior to investing?,True
What should I know about Saving or investing for short-term goals before investing?,What information is important to consider before investing for short-term goals in a Canadian retail investment context?,True
How does 10 ways to make it easier to save affect a retail investor?,What is the impact of 10 strategies for simplifying savings on a retail investor?,True
What should I know about How setting goals can help you save before investing?,What factors should be considered when setting financial saving goals prior to investing?,True
What should I know about 4 reasons to keep saving when inflation is high before investing?,What are the four reasons to continue saving rather than investing during periods of high inflation?,True
How does What are the risks of volatility-linked ETFs? affect my investment decisions?,What are the risks associated with volatility-linked ETFs and how do they impact investment decisions?,True
How does What are the risks of leveraged ETFs? affect my investment decisions?,What are the risks associated with leveraged ETFs and how do they impact my investment decisions?,True
What risks should I consider before investing in What are the risks of actively managed ETFs??,What risks should I consider before investing in actively managed ETFs?,True
What risks should I consider before investing in What are the risks of volatility-linked ETFs??,What are the risks associated with volatility-linked ETFs?,True
What risks should I consider before investing in What are the risks with index ETFs??,What are the risks associated with index ETFs?,True
How does What are the risks with index ETFs? affect my investment decisions?,What are the risks associated with investing in Index ETFs and how do they impact my investment decisions?,True
What risks should I consider before investing in What are the risks of leveraged ETFs??,What are the risks associated with investing in leveraged ETFs?,True
How does What are the risks of actively managed ETFs? affect my investment decisions?,What are the risks associated with actively managed ETFs and how do they impact my investment decisions?,True
What should I know about 5. What happens if you withdraw from your investments? before investing?,"Before investing, what are the implications of withdrawing from investments?",True
How does 1. What should you do? affect a retail investor?,"What actions should a retail investor take in response to certain circumstances, and how might these actions impact their investments?",True
What risks should I consider before investing in 2. Should you reassess your risk tolerance??,"What risks should I consider before investing, and should I reassess my risk tolerance?",True
How does 3. Should you rebalance your portfolio? affect a retail investor?,What is the impact of rebalancing a portfolio on a retail investor?,True
How does 4. Should you buy (or sell) now? affect a retail investor?,What is the impact of deciding to buy (or sell) now on a retail investor?,True
What should I know about 1. What should you do? before investing?,What precautions or steps should be taken before investing?,True
What should I know about 4. Should you buy (or sell) now? before investing?,What factors should be considered before making a decision to invest (buy or sell)?,True
How does 2. Should you reassess your risk tolerance? affect my investment decisions?,How does reassessing one's risk tolerance affect personal investment decisions?,True
What should I know about 3. Should you rebalance your portfolio? before investing?,Should you rebalance your portfolio after investing?,True
How does 5. What happens if you withdraw from your investments? affect a retail investor?,What are the effects of withdrawing from investments on a retail investor?,True
How does 4. Ask questions. Then ask more questions. affect a retail investor?,How does the approach of asking questions and then asking more questions impact a retail investor?,True
What should I know about 4. Ask questions. Then ask more questions. before investing?,What information should be gathered by asking questions prior to investing?,True
How does What are the risks of investing in mutual funds? affect my investment decisions?,What are the risks associated with investing in mutual funds and how do they impact my investment decisions?,True
What risks should I consider before investing in What are the risks of investing in mutual funds??,What are the risks associated with investing in mutual funds?,True
How does What are the advantages of diversifying your portfolio? affect a retail investor?,What are the benefits of diversifying a retail investor's portfolio?,True
What should I know about What are the advantages of diversifying your portfolio? before investing?,What are the advantages of diversifying a portfolio in investment before making an investment?,True
What risks should I consider before investing in What are some of the risks of international diversification??,What are some risks to consider before investing in international diversification?,True
What should I know about How can you diversify your portfolio? before investing?,What factors should be considered for diversifying a portfolio before investment?,True
How does How can you diversify your portfolio? affect a retail investor?,What is the impact of portfolio diversification on a retail investor?,True
How does What are some of the risks of international diversification? affect my investment decisions?,What are the risks associated with international diversification and how do they impact my investment decisions?,True
What should I know about Annuities before investing?,"What key points should be considered before investing in annuities, within a Canadian retail investment context?",True
What should I know about Annuity options and your payments before investing?,"What are the key points to consider about Annuity investment options, specifically regarding payment structure?",True
What should I know about How annuities work before investing?,What key information is essential to understand about how annuities function before making an investment?,True
How does Annuity options and your payments affect a retail investor?,What is the impact of annuity options and payments on a retail investor?,True
How does Using annuities for other financial planning goals affect a retail investor?,What is the impact of using annuities for various financial planning objectives on a retail investor?,True
What should I know about Using annuities for other financial planning goals before investing?,What are key considerations when using annuities for other financial planning goals prior to investment?,True
How does Annuities affect a retail investor?,What is the impact of annuities on a retail investor?,True
How does How annuities work affect a retail investor?,What is the impact of annuities on a retail investor?,True
What should I know about Self-regulatory organizations before investing?,What key information is essential to understand about Self-Regulatory Organizations (SROs) before making an investment?,True
How does Self-regulatory organizations affect a retail investor?,What is the impact of self-regulatory organizations on retail investors in Canada?,True
How does Rules and regulations affect a retail investor?,What is the impact of rules and regulations on retail investors in Canada?,True
What should I know about Where to get information before you invest before investing?,What sources of information should one consider before investing?,True
How does Where to get information before you invest affect a retail investor?,What impact does obtaining investment information prior to investing have on a retail investor?,True
How does Investing in the exempt market affect a retail investor?,What is the impact of investing in the Exempt Market on a Retail Investor?,True
What should I know about Investing in the exempt market before investing?,What essential information should one be aware of before investing in the Exempt Market (Canada)？,True
What should I know about Do you give financial advice on social media? before investing?,Should I consider financial advice given on social media before investing?,True
How does Do you give financial advice on social media? affect a retail investor?,How does giving financial advice on social media impact a retail investor?,True
How does What investors should know about mini-tender offers affect a retail investor?,What is the impact of mini-tender offers on retail investors?,True
What should I know about Rules and regulations before investing?,What are the key rules and regulations to consider before investing in Canada?,True
What should I know about What is total cost reporting and how will it work? before investing?,"What is the concept of Total Cost Reporting in investing, and how does it operate?",True
How does 5 ways regulation protects investors affect a retail investor?,How does the impact of five ways of investment regulation on retail investors manifest?,True
How does How your investments are protected at financial institutions affect a retail investor?,How does the protection of investments at financial institutions impact retail investors?,True
What should I know about How your investments are protected at financial institutions before investing?,What is important to know about investment protection at Canadian financial institutions before making an investment?,True
What should I know about What investors should know about mini-tender offers before investing?,What are essential points investors should consider regarding mini-tender offers prior to investment?,True
How does What is total cost reporting and how will it work? affect a retail investor?,What is the impact of total cost reporting on a retail investor?,True
How does How regulators protect investors affect a retail investor?,How do Canadian financial regulators impact retail investors?,True
What should I know about 5 ways regulation protects investors before investing?,What are the key points about five ways regulation safeguards investors prior to investment?,True
What should I know about How regulators protect investors before investing?,What information is important to know about how regulators protect investors prior to investing?,True
How does When to sell your stocks and invest in bonds affect a retail investor?,What is the impact of deciding when to sell stocks and invest in bonds on a retail investor?,True
What should I know about When to sell your stocks and invest in bonds before investing?,When should one consider selling stocks and investing in bonds prior to investment?,True
What should I know about Interest rates and bonds before investing?,What are key points to consider about interest rates and bonds prior to investment?,True
How does The role of the Bank of Canada affect a retail investor?,What is the impact of the Bank of Canada on a retail investor?,True
How does Inflation management affect a retail investor?,How does inflation management impact a retail investor?,True
What should I know about Overnight rate before investing?,What is important to know about the Overnight Rate when making investment decisions?,True
What should I know about The role of the Bank of Canada before investing?,What is the significance of the Bank of Canada for an investor before making investments?,True
How does How interest rates affect your investments affect a retail investor?,How do interest rates affect the investments of a retail investor?,True
How does High interest rates vs low interest rates affect a retail investor?,What is the impact of high interest rates versus low interest rates on a retail investor?,True
What should I know about Inflation management before investing?,What key points should one consider regarding inflation management when making investments in a Canadian context?,True
What should I know about High interest rates vs low interest rates before investing?,What factors to consider when comparing high interest rates versus low interest rates before making an investment decision?,True
What should I know about How interest rates affect your investments before investing?,"How do interest rates affect investments in Canada, and what should an investor consider before making investment decisions given this relationship?",True
How does Overnight rate affect a retail investor?,What is the impact of the Overnight Rate on a Retail Investor?,True
How does Interest rates and bonds affect a retail investor?,What is the impact of interest rates and bonds on a retail investor?,True
What should I know about Service: Communicating information and concepts before investing?,What are essential points to consider when communicating information and concepts prior to investing?,True
How does Service: Collecting your personal and financial information affect a retail investor?,What is the impact of collecting personal and financial information on a retail investor in Canada?,True
How does Service: Recommending investment products and services affect a retail investor?,What is the impact of a financial service that recommends investment products and services on a retail investor?,True
How does Service: Communicating information and concepts affect a retail investor?,How does communication of information and concepts impact a retail investor?,True
What should I know about Service: Providing information about products and services before investing?,What is essential to know about the service of providing detailed product and service information before making an investment?,True
What should I know about Service: Collecting your personal and financial information before investing?,What are the key points to consider when providing personal and financial information for investment purposes in Canada?,True
What should I know about Service: Recommending investment products and services before investing?,What should an investor consider when considering investment product and service recommendations prior to investing?,True
How does Service: Providing information about products and services affect a retail investor?,What is the impact of a service providing information about products and services on a retail investor?,True
How does Service: Discussing the risk/return relationship affect my investment decisions?,How does the risk-return relationship impact my investment decisions?,True
What risks should I consider before investing in Service: Discussing the risk/return relationship?,"What investment risks should be considered when investing in Service, with a focus on the risk-return relationship?",True
What should I know about Service: Understanding your circumstances and investment goals before investing?,What factors should be considered when understanding one's circumstances and investment goals before making an investment?,True
How does Service: Understanding your circumstances and investment goals affect a retail investor?,How does the process of understanding an individual's circumstances and investment goals impact a retail investor?,True
What should I know about 5. Check your transactions before investing?,"Before investing, what is the importance of reviewing transactions?",True
What should I know about 2. Adjust your asset allocation before investing?,Should I know anything about adjusting asset allocation prior to investment?,True
How does 3. Reinvest interest and dividends affect a retail investor?,What is the impact of reinvesting interest and dividends on a retail investor?,True
How does 5. Check your transactions affect a retail investor?,What is the impact of regularly checking transactions on a retail investor?,True
How does 2. Adjust your asset allocation affect a retail investor?,How does adjusting asset allocation impact a retail investor?,True
What should I know about 6. Compare products and services before investing?,What factors should be considered when comparing investment products and services in Canada?,True
How does 4. Organize your account statements affect a retail investor?,What is the impact of organizing account statements on a retail investor?,True
What should I know about 3. Reinvest interest and dividends before investing?,"Should one reinvest interest and dividends prior to making an investment, and what information is pertinent regarding this practice in the context of Canadian retail investment?",True
What should I know about 6 ways to spring clean your portfolio before investing?,"What are the key points to consider when spring cleaning a portfolio before investing, and what does this process entail?",True
How does 6 ways to spring clean your portfolio affect a retail investor?,What is the impact of spring cleaning a portfolio (investment strategy revision) on a retail investor?,True
What should I know about 4. Organize your account statements before investing?,What are the important factors to consider when organizing account statements prior to investing?,True
How does 6. Compare products and services affect a retail investor?,How do comparing products and services impact a retail investor?,True
What should I know about 1. Review your financial goals before investing?,Should one review their financial goals prior to investing?,True
How does 1. Review your financial goals affect a retail investor?,How does reviewing financial goals impact a retail investor?,True
What should I know about Anchoring effect: How meaningless information can affect your financial decisions before investing?,What is the Anchoring Effect and how can it impact financial decisions prior to investing with irrelevant information?,True
What risks should I consider before investing in Confirmation bias: A fundamental risk to your investing decisions?,What investment risks should be considered when deciding to invest in Confirmation Bias as a fundamental risk factor?,True
How does Living for today at the expense of tomorrow affect a retail investor?,What is the impact of a 'live-for-today' attitude on a retail investor's long-term investment strategy?,True
How does Herd behaviour: When following the crowd isn’t in your best interest affect a retail investor?,"How does herd behavior, when it leads to following the crowd rather than making independent investment decisions, impact a retail investor?",True
What should I know about How overconfidence bias may affect your financial decisions before investing?,What is the impact of overconfidence bias on financial decisions prior to investing?,True
How does Behavioural insights: How to counteract your biases to make better decisions affect a retail investor?,How does understanding and countering personal biases impact decision-making for retail investors?,True
How does Confirmation bias: A fundamental risk to your investing decisions affect my investment decisions?,How does confirmation bias impact my investment decisions?,True
What should I know about Mental accounting: How thinking about money affects the way you spend before investing?,What is the impact of mental accounting on personal spending habits prior to investing?,True
What should I know about Living for today at the expense of tomorrow before investing?,What are the considerations for prioritizing immediate gratification over future financial needs when it comes to investment decisions in Canada?,True
How does Mental accounting: How thinking about money affects the way you spend affect a retail investor?,How does mental accounting - the way individuals manage and categorize financial resources differently for different purposes - impact a retail investor's decision-making?,True
What should I know about Herd behaviour: When following the crowd isn’t in your best interest before investing?,"What are the considerations for herd behavior, specifically situations where following the crowd may not be beneficial when making investment decisions?",True
What should I know about Psychology of Investing before investing?,What key points about the Psychology of Investing should be understood before making an investment?,True
What should I know about Loss aversion: Why people are so afraid of losing money before investing?,Explain the concept of loss aversion in personal finance and why it contributes to fear of losing money when investing,True
How does Psychology of Investing affect a retail investor?,How does the psychology of investing impact a retail investor?,True
What should I know about Why we prefer to go with the flow instead of changing course before investing?,Why do investors often follow trends rather than making changes in their investment strategy?,True
How does Loss aversion: Why people are so afraid of losing money affect a retail investor?,"How does loss aversion, specifically the fear of losing money, impact retail investors?",True
How does Anchoring effect: How meaningless information can affect your financial decisions affect a retail investor?,"How does the anchoring effect, by which meaningless information impacts retail investors' financial decisions, manifest?",True
How does Why we prefer to go with the flow instead of changing course affect a retail investor?,How does following market trends (going with the flow) instead of making independent investment decisions (changing course) impact a retail investor?,True
How does How overconfidence bias may affect your financial decisions affect a retail investor?,How does overconfidence bias affect the financial decisions of a retail investor?,True
What should I know about Behavioural insights: How to counteract your biases to make better decisions before investing?,What are effective strategies for combating cognitive biases to make informed investment decisions?,True
What should I know about Types of advice you might get before investing?,What types of investment advice should one be aware of prior to investing?,True
How does Types of advice you might get affect a retail investor?,How does the type of investment advice influence a retail investor?,True
How does Investing as a small business owner affect a retail investor?,What is the impact of investing as a small business owner on retail investors?,True
How does Running a small business affect a retail investor?,What is the impact of running a small business on an individual's retail investment activities?,True
What should I know about Business & personal finances before investing?,What key points about business and personal finance are important to consider before investing?,True
What should I know about Insuring a home-based business before investing?,What are essential considerations for insuring a home-based business prior to investment?,True
How does Business & personal finances affect a retail investor?,What is the impact of business and personal finances on a retail investor?,True
What should I know about Small business cash flow before investing?,What key aspects of small business cash flow should be considered before making an investment?,True
How does Protecting business interests affect a retail investor?,What impact does the protection of business interests have on a retail investor?,True
How does Small business cash flow affect a retail investor?,Does the cash flow of small businesses impact the investments of retail investors?,True
What should I know about Protecting business interests before investing?,What are the considerations for protecting business interests prior to investment?,True
What should I know about Running a small business before investing?,What are important factors to consider before investing in a small business?,True
How does Small business & taxes affect a retail investor?,What is the impact of small business taxation on a retail investor?,True
What should I know about Investing as a small business owner before investing?,"As a small business owner, what key points should I consider before engaging in an investment?",True
What should I know about Small business & taxes before investing?,What key points should one consider regarding small business taxes before making an investment?,True
How does Investing in an RRSP and TFSA as a business owner affect a retail investor?,What is the impact of investing in both RRSP and TFSA as a business owner on a retail investor?,True
What should I know about Investing in an RRSP and TFSA as a business owner before investing?,"As a business owner, what important factors should be considered before investing in an RRSP (Registered Retirement Savings Plan) and TFSA (Tax-Free Savings Account)?",True
How does Insuring a home-based business affect a retail investor?,What is the impact of insuring a home-based business on a retail investor's personal financial situation?,True
What should I know about 8. General economic news before investing?,What key points should one consider regarding general economic news before making an investment?,True
What should I know about 5. Review account statements before investing?,Should I review account statements prior to investing?,True
How does 8. General economic news affect a retail investor?,How does general economic news impact a retail investor in Canada?,True
What should I know about 7. Follow stock market news before investing?,Should one follow stock market news prior to investing?,True
How does 7. Follow stock market news affect a retail investor?,What impact does following stock market news have on a retail investor in Canada?,True
How does 2. Compare it to its benchmark affect a retail investor?,How does the return of an investment (2) compare to its benchmark impact a retail investor?,True
How does 4. Disclosure documents affect a retail investor?,What is the impact of disclosure documents on a retail investor?,True
How does 5. Review account statements affect a retail investor?,What is the impact of regularly reviewing account statements on a retail investor?,True
What should I know about 4. Disclosure documents before investing?,What are the essential details about disclosure documents to consider before making an investment?,True
What should I know about 2. Compare it to its benchmark before investing?,"When evaluating an investment, how can you compare it with its benchmark?",True
What should I know about Ways to manage your saving and investing during a recession before investing?,What key factors should be considered when managing savings and investments during a recession prior to investment?,True
How does Investing and saving during a recession affect a retail investor?,What is the impact of investing and saving during a recession on a retail investor?,True
What should I know about What is a recession? before investing?,What key points should one consider about the concept of a recession prior to investing?,True
How does The effect of rising inflation affect a retail investor?,What is the impact of rising inflation on a retail investor?,True
What should I know about Investing and saving during a recession before investing?,What key factors should be considered when it comes to investing and saving during an economic recession?,True
How does What is a recession? affect a retail investor?,What is the impact of a recession on a retail investor?,True
What should I know about The effect of rising inflation before investing?,The effects of rising inflation on investments prior to investment,True
How does How a recession can affect investing affect a retail investor?,How does a recession impact retail investors in terms of investing?,True
What should I know about How a recession can affect investing before investing?,What key points should be considered about the impact of a recession on investments prior to investing?,True
How does Ways to manage your saving and investing during a recession affect a retail investor?,"What is the impact of managing savings and investments during a recession, specifically for a retail investor, regarding ways to handle these financial aspects?",True
What should I know about Preparing a tax return for someone who has died before investing?,What information is necessary when preparing a deceased person's tax return regarding investments?,True
What should I know about Understanding tax before investing?,What key points should one consider regarding taxes prior to investing in Canada?,True
How does How and why to file your taxes affect a retail investor?,What is the impact of tax filing on a retail investor?,True
How does What to do if your tax return is reviewed or audited affect a retail investor?,What impact does a tax return review or audit have on a retail investor in terms of their investments?,True
What should I know about 5 common mistakes to avoid on your tax return before investing?,What are the five common mistakes to avoid when filing a tax return prior to investment?,True
How does Preparing a tax return for someone who has died affect a retail investor?,What is the impact of preparing a deceased person's tax return on a retail investor?,True
How does Reducing the tax taken from your pay cheque affect a retail investor?,What is the impact of reducing tax withholdings from a paycheque on a retail investor?,True
What should I know about How and why to file your taxes before investing?,"What are the details on filing taxes prior to investing, and the reasons behind this practice?",True
What should I know about Reducing the tax taken from your pay cheque before investing?,What is important to understand about reducing taxes on income prior to investment in a Canadian context?,True
What should I know about What to do if your tax return is reviewed or audited before investing?,What should one know about handling a tax return review or audit prior to investing?,True
How does 5 common mistakes to avoid on your tax return affect a retail investor?,What is the impact of five common mistakes to avoid when filing taxes on a retail investor?,True
What should I know about How are your investments taxed? before investing?,What information is essential to know about the tax implications of investments before making an investment?,True
How does Understanding the tax deductions on your pay stub affect a retail investor?,How does understanding tax deductions listed on a pay stub impact a retail investor's personal finance and investment decisions?,True
What should I know about Understanding the tax deductions on your pay stub before investing?,What are essential points to consider regarding tax deductions listed on a pay stub prior to making investments in Canada?,True
How does How are your investments taxed? affect a retail investor?,What is the impact of investment taxation on a retail investor?,True
What should I know about How your tax notice of assessment can help you before investing?,What are the key points about using a Tax Notice of Assessment for investment planning?,True
How does Understanding tax affect a retail investor?,What is the impact of understanding taxes on a retail investor in Canada?,True
How does How your tax notice of assessment can help you affect a retail investor?,How does a Tax Notice of Assessment impact a Retail Investor?,True
What should I know about How income tax works before investing?,What are the essential aspects of Canadian income tax regarding investment?,True
How does How income tax works affect a retail investor?,How does the Canadian income tax system impact a retail investor?,True
"What should I know about Timelines for transfers to DIY accounts starting June 1, 2022 before investing?","What are the timelines for transferring funds to Do-It-Yourself (DIY) investment accounts, starting from June 1, 2022?",True
What should I know about What investors should know about the DSC ban before investing?,What key points should investors consider regarding the DSC ban prior to investment?,True
"How does Timelines for transfers to DIY accounts starting June 1, 2022 affect a retail investor?","What is the impact of Timelines' transfer policy to DIY accounts, effective June 1, 2022, on retail investors?",True
"How does DSC holdings before June 1, 2022 affect a retail investor?","What is the impact of DSC Holdings prior to June 1, 2022 on a retail investor in terms of personal finance and investing?",True
"What should I know about DSC holdings before June 1, 2022 before investing?","What information is important to know about DSC Holdings as of May 31, 2022, prior to investing on June 1, 2022?",True
How does What investors should know about the DSC ban affect a retail investor?,What is the impact of the DSC ban on a retail investor?,True
Opening a TFSA at 30—advice for a newbie?,"What advice would you give to a new investor, aged 30, when opening a Tax-Free Savings Account (TFSA) in Canada?",True
Total beginner. Made a managed TFSA with wealth simple. Chose high risk and just plan on putting $200 or so a paycheck in it. What next?,"As a total beginner, I have established a Tax-Free Savings Account (TFSA) with Wealthsimple. I selected a high-risk portfolio and aim to contribute approximately $200 per paycheck. I am seeking advice on what steps to take next.",True
So what’s the point of growing a TFSA,Why is it important to grow a Tax-Free Savings Account (TFSA)?,True
"Just opened a TFSA with Wealthsimple, any advice?",What advice can be given for a new Tax-Free Savings Account (TFSA) holder using Wealthsimple?,True
TFSA Limit for 2026 = $7000 again (updated on canada.ca),What is the TFSA (Tax-Free Savings Account) limit for the year 2026 in Canada?,True
The recent posts on here about TFSAs helped me see I had a fundamental misunderstanding about them.,Do you understand the fundamentals of Tax-Free Savings Accounts (TFSAs) in Canada?,True
Be careful when googling your TFSA contribution limit,Is it important to be cautious while searching for the Tax-Free Savings Account (TFSA) contribution limit on Google?,True
Should I Sell My $30K Pokémon Collection to Max Out My TFSA &amp; FHSA?,"Should I sell my $30,000 Pokemon collection to max out my TFSA (Tax-Free Savings Account) and FHSA (First Home Savings Account)?",True
Borrowing $170k from home equity to max out TFSA,"Maximizing Tax-Free Savings Account (TFSA) by borrowing $170,000 from home equity",True
Reminder to Move $7000 in TFSA account for 2025,Should I transfer $7000 from my Tax-Free Savings Account (TFSA) for the year 2025?,True
TFSA Limit for 2025 = $7000 again.,What is the Tax-Free Savings Account (TFSA) limit for the year 2025?,True
Draining TFSA to feed RRSP at the end of the year,Should I withdraw funds from Tax-Free Savings Account (TFSA) at the end of the year to contribute to Registered Retirement Savings Plan (RRSP)?,True
Simply Maxing out TFSA Every Year Will Make You a Multi Millionaire Before Retirement,Will consistently maximizing Tax-Free Savings Account (TFSA) contributions each year result in becoming a millionaire before retirement in Canada?,True
"PSA: Annual reminder that spouses should name each other as ""Successor Holders"" - Not beneficiaries - on their TFSA accounts.",Should spouses in Canada name each other as Successor Holders instead of Beneficiaries on Tax-Free Savings Account (TFSA) accounts?,True
"This year, automate your TFSA contribution! $250 every two weeks!",Should I automate a bi-weekly $250 contribution to my Tax-Free Savings Account (TFSA) this year?,True
So just to get this straight: Max out TFSA before anything else?,Should I maximize Tax-Free Savings Account (TFSA) contributions before considering other investment options?,True
Is it just me or is the TFSA system incredibly generous ?,Is the Tax-Free Savings Account (TFSA) system in Canada considered generously advantageous?,True
"TFSA Maxed, RRSP Maxed, FHSA Maxed, what’s next?","What investment options are available for an individual whose Tax-Free Savings Account (TFSA), Registered Retirement Savings Plan (RRSP), and Home Buyers Plan (FHSA) are maxed out?",True
"I'm embarrassed to say TIL that TFSA is not necessarily for saving (as the S had had me believe). It can be, but it's primarily for investing and growing money without being taxed.",Is Tax-Free Savings Account (TFSA) primarily used for investment and growth of funds without being taxed?,True
"New year, new TFSA room! Will you be putting 6K into your TFSA today?",Will the individual contribute $6000 to their Tax-Free Savings Account (TFSA) in the current year?,True
TFSA as emergency fund?,Is it appropriate to use a Tax-Free Savings Account (TFSA) as an emergency fund?,True
CRA confirms the TFSA contribution limit for 2025,Is the Tax-Free Savings Account (TFSA) contribution limit confirmed by the Canada Revenue Agency (CRA) for the year 2025?,True
Called CRA for TFSA contributions room - they can't see that info either!,"Is it possible to determine the TFSA (Tax-Free Savings Account) contribution room through a call with CRA, as they were unable to provide this information?",True
"Maxed TFSA &amp; RRSP, not sure mortgage makes sense",Is it advisable to take out a mortgage when Tax-Free Savings Account (TFSA) and Registered Retirement Savings Plan (RRSP) are already maxed out?,True
"Gift to adult son to max out his TFSA, good idea?",Is it a wise decision to gift an amount to an adult son in order to maximize his Tax-Free Savings Account (TFSA) contribution?,True
CRA TFSA info not available,Is it possible to obtain Canada Revenue Agency (CRA) Tax-Free Savings Account (TFSA) information?,True
"2022 TFSA Limit Announced: $6,000",What is the 2022 Tax-Free Savings Account (TFSA) limit in Canada?,True
"EQ Bank reducing HISA, TFSA and RRSP interest to 1.25%","Is the interest rate for Equity (HISA), Tax-Free Savings Account (TFSA), and Registered Retirement Savings Plan (RRSP) offered by EQ Bank being reduced to 1.25%?",True
Choosing between life insurance or TFSA for child,Should a parent choose between purchasing life insurance or contributing to a Tax-Free Savings Account (TFSA) for their child?,True
Is the CRA website TFSA contribution room at least accurate at this time of the year?,Is the Canada Revenue Agency (CRA) Tax-Free Savings Account (TFSA) contribution room accurate during this current year?,True
How do high income earners reduce taxes legally (beyond RRSP/TFSA etc),What are the legal methods for high-income earners to minimize tax payments beyond RRSP and TFSA?,True
[ON] Am I Making the Silly Decision Prioritizing My Kids RESP over my TFSA?,Is prioritizing a Registered Education Savings Plan (RESP) for my kids over a Tax-Free Savings Account (TFSA) a questionable decision in terms of personal finance and investing?,True
"Best way to set up a young child financially in 2026? RESP, TFSA, insurance, ETFs","What are the best financial strategies for setting up a young child in 2026, considering options such as Registered Education Savings Plan (RESP), Tax-Free Savings Account (TFSA), Insurance, and Exchange-Traded Funds (ETFs)?",True
Reminder $7000 TFSA Room Starting tomorrow,Is the Tax-Free Savings Account (TFSA) contribution room for the year starting tomorrow?,True
Should I take money out of my TFSA to pay off my credit cards?,Is it advisable to withdraw funds from Tax-Free Savings Account (TFSA) to settle credit card debts?,True
"Tax sheltered accounts (TFSA, FHSA, RRSP) all maxed out, want to explore more investment options","The individual has maximized contributions to Tax-sheltered accounts (TFSA, FHSA, RRSP). They are seeking to discover additional investment options.",True
"PSA: it is your job to make sure you don’t overcontribute to your TFSA, not the CRA’s","Is it important for an individual to ensure they do not exceed their contribution limit in a Tax-Free Savings Account (TFSA), rather than relying on the Canada Revenue Agency (CRA) to prevent overcontribution?",True
Should I move a big chunk of money from my TFSA to my RRSP?,Is it advisable to transfer a substantial amount of funds from Tax-Free Savings Account (TFSA) to Registered Retirement Savings Plan (RRSP)?,True
"TFSA, RRSP &amp; FHSA maxed out","Are all contributions to Tax-Free Savings Account (TFSA), Registered Retirement Savings Plan (RRSP), and First Home Savings Account (FHSA) maximized?",True
I’ve maxed out my TFSA - Should I buy ETF’s in a regular account?,"Given that the TFSA is maxed out, should investments be made in Exchange-Traded Funds (ETFs) within a regular account?",True
How much do I need to save monthly into RRSP/TFSA to retire by 55/56?,"What is the required monthly savings for retirement by age 55 or 56, considering RRSP and TFSA accounts?",True
Maxed TFSA and RRSP. Next steps?,What are the next steps to consider when both a Tax-Free Savings Account (TFSA) and Registered Retirement Savings Plan (RRSP) have been maximized?,True
TFSA values across Canada,What is the average Tax-Free Savings Account (TFSA) value in each province in Canada?,True
52k income - TFSA or FHSA,Should an individual with a 52k income invest in a Tax-Free Savings Account (TFSA) or First Home Savings Account (FHSA)?,True
Drop bonus in RRSP or TFSA?,Should a bonus be deposited into a Registered Retirement Savings Plan (RRSP) or Tax-Free Savings Account (TFSA)?,True
In a high income tax year does it make sense to contribute to RRSP over TFSA?,Is it more financially beneficial to contribute to an RRSP rather than a TFSA during a high-income tax year?,True
Should I prioritize RRSP or TFSA if I already have a pension plan?,"Should priority be given to contributing to an RRSP or TFSA, considering that the individual already has a pension plan?",True
"If I put $10000 into a TFSA and my investments grow it to $100000. Then I take take the $100000 out of the TFSA, what is my contribution limit for the following year?","What is the contribution limit for the following year if $10000 was initially invested in a TFSA, it grew to $100000 and then the entire amount was withdrawn?",True
Financial Literacy Is STILL At Shocking Lows,What is the current level of financial literacy in Canada?,True
"19, maxed FHSA and TFSA, what next?","For an individual who has maximized their contributions to the Home Buyers Plan (FHSA) and Tax-Free Savings Account (TFSA), what are the recommended steps for further investment in personal finance?",True
How realistic is it for a couple to have a combined TFSA balance of over $500 000 if they both made maximum contributions since the TFSA started in 2009?,"Is it feasible for a couple, who both maximized their Tax-Free Savings Account (TFSA) contributions annually since its inception in 2009, to accumulate over $500,000 in combined TFSA balance?",True
"Stress with big bank RRSP &amp; TFSA, advice resources wanted",Seeking advice resources for stress management related to RRSP and TFSA with a big bank,True
How are people utilizing their TFSA nowadays?,What is the current usage of Tax-Free Savings Accounts (TFSA) among individuals?,True
"The 2024 TFSA dollar limit is, or is not, possibly maybe confirmed, but not really, at $7,000, by me and not the CRA","Is the 2024 TFSA (Tax-Free Savings Account) dollar limit confirmed as $7,000 by the Canada Revenue Agency?",True
I feel im investing wrong (rrsp vs tfsa ) based on the messaging here.,"Is the investor making a mistake by choosing RRSP over TFSA, or vice versa?",True
CRA retroactively removing TFSA room built up by weedstocks,Is the Canada Revenue Agency (CRA) retroactively removing Tax-Free Savings Account (TFSA) space accumulated through investments in cannabis stocks?,True
"Can you explain to me like I am 5 what TFSA, RRSP, FHSA is?","What are TFSA, RRSP, and FHSA simply explained for a 5-year-old?",True
"I'm leaving WEALTHSIMPLE after losing over $4,000 in my Account. | I cannot trust Their Platform.",Has the user experienced a significant loss on Wealthsimple's platform and has expressed a lack of trust in it?,True
i had a small salary adjustment. first thing i did - re-adjusted and increased my automatic TFSA contributions! this will feel like im still getting the old salary.,What impact does a small salary adjustment have on an individual's decision to increase their automatic Tax-Free Savings Account (TFSA) contributions?,True
What’s the real reason why the TFSA was created?,Why was the Tax-Free Savings Account (TFSA) created in Canada?,True
"For minimizing tax, what’s the next best vehicle to maximise AFTER maxing TFSA?",What is the next best investment vehicle for tax minimization after maximizing Tax-Free Savings Account (TFSA)?,True
CRA has updated TFSA info,Has the Canada Revenue Agency (CRA) recently updated information regarding Tax-Free Savings Accounts (TFSA)?,True
TFSA maxed out… now what?,What are the options for an individual with a fully funded Tax-Free Savings Account (TFSA)?,True
Over contributed to TFSA 🤦‍♀️ (help pls),"Have you overcontributed to a Tax-Free Savings Account (TFSA)? If so, what are the potential consequences and possible solutions?",True
"55+ year old parents, no investment towards TFSA and RRSP. Which to start first?","For a 55-year-old individual without any investments in TFSA or RRSP, which savings plan should be started first, TFSA or RRSP?",True
Flowchart: Should I invest in an RRSP or TFSA?,Should I invest in a Registered Retirement Savings Plan (RRSP) or Tax-Free Savings Account (TFSA)?,True
"CRA says I have $11,000 in TFSA room, but my own calculations say I've maxed out. What do I do?","The taxpayer reports a $11,000 TFSA contribution room according to CRA, while their personal calculations indicate they have already maximized contributions. What steps should be taken?",True
PSA: 2019 TFSA limit raised to $6000,Has the 2019 Tax-Free Savings Account (TFSA) limit been increased to $6000?,True
Should I pull the $5k from my TFSA to pay off majority of my cc debt?,Is it advisable to withdraw $5000 from Tax-Free Savings Account (TFSA) to pay off most of my credit card debt?,True
100% XEQT in TFSA. At what age should I reduce my risk tolerance and start moving to bonds? I’m 35,"At what age should an individual aged 35, who has invested 100% of their Tax-Free Savings Account (TFSA) in XEQT, consider reducing their risk tolerance and starting to move towards bonds?",True
TFSA to RRSP Transfer,Is it possible to transfer funds from a Tax-Free Savings Account (TFSA) to a Registered Retirement Savings Plan (RRSP)?,True
My aunt has opened a TFSA in my name?,Has your aunt opened a Tax-Free Savings Account (TFSA) in your name?,True
Should I withdrawal my RRSP and contribute it into my TFSA,Is it advisable to withdraw funds from RRSP and invest them in a TFSA?,True
RRSP Maxed! Need advice on TFSA Portfolio,Advice needed for TFSA Portfolio as RRSP is maxed out.,True
Is Canada really housepoor or in debt?,Is Canada considered 'house-poor' or has a high level of personal debt?,True
"Gifted wife $29k for TFSA, now want to move it to a Spousal RRSP for HBP. Is this allowed?",Can the gifted $29k in a TFSA be transferred to a Spousal RRSP for use in the Home Buyers' Plan?,True
TFSA New Contribution Room Officially $7000 in 2024,Is the official Tax-Free Savings Account (TFSA) contribution room for the year 2024 $7000?,True
TFSA &gt; RRSP for 2025?,Should a Tax-Free Savings Account (TFSA) be preferred over a Registered Retirement Savings Plan (RRSP) for investments in 2025?,True
"Leaving Canada permanently, what should I do with my accounts [FHSA, TFSA, RRSP]","For a Canadian permanent resident leaving the country, what are the appropriate actions for managing FHSA, TFSA, and RRSP accounts?",True
How good is XEQT for TFSA,Is XEQQ suitable for a Tax-Free Savings Account (TFSA) in Canada?,True
Understanding TFSA questions,Is the question 'Understanding TFSA (Tax-Free Savings Account) questions' relevant to personal finance/investing and answerable?,True
Should I invest more into my tfsa with a DB Pension?,Should an individual with a Defined Benefit Pension increase investments in their Tax-Free Savings Account (TFSA)?,True
What is the last day to sell etfs/stocks in your TFSA and withdraw it before year end so you get that contribution room back Jan1?,"What is the deadline for selling ETFs/stocks within a TFSA to make a withdrawal before the end of the year, allowing for the recovered contribution room by January 1?",True
Is using TFSA to actively trade considered income?,Is active trading within a Tax-Free Savings Account (TFSA) considered as income?,True
Emergency fund vs max out TFSA?,Should an emergency fund be prioritized over maximizing contributions to a Tax-Free Savings Account (TFSA) in Canada?,True
I mistakenly over-contributed to my TFSA and was penalized. I appealed in March and CRA finally responded.,Did the Canada Revenue Agency (CRA) respond to an appeal regarding a penalty for over-contributing to a Tax-Free Savings Account (TFSA)?,True
"Accidental 2024 TFSA Over Contribution - Over $2,600 in fees!","Has there been an accidental over-contribution to the Tax-Free Savings Account (TFSA) in 2024, resulting in over $2,600 in fees?",True
Upgrade to more expensive house or stay put and add more into tfsa etc.,Should I upgrade to a more expensive house or remain in my current residence and invest additional funds into a Tax-Free Savings Account (TFSA) instead?,True
Canada First TFSA top up,Is it possible to make a contribution (top-up) to a Canada First TFSA (Tax-Free Savings Account)?,True
Borrowing against mortgage to max out TFSA’s,Utilizing Mortgage for Maximum TFSA Investment,True
TFSA over RRSP. I just don't get the argument.,Should a Tax-Free Savings Account (TFSA) be preferred over a Registered Retirement Savings Plan (RRSP)?,True
Can Sunlife restrict my access to my TFSA account because I haven't talked with my advisor in a while?,Does Sun Life Financial (Sunlife) have the ability to restrict access to Tax-Free Savings Account (TFSA) due to lack of communication with an advisor over an extended period?,True
"TIL - If your tax rate at contribution and withdrawal is the same, your take home from pretax RRSP contribution is the same as TFSA at withdrawal","If the tax rate at contribution and withdrawal is the same, is the take-home amount from a pretax RRSP contribution equal to the take-home amount at withdrawal from a Tax-Free Savings Account (TFSA) in Canada?",True
Is RRSP worth it?,Is a Registered Retirement Savings Plan (RRSP) a worthwhile investment option in Canada?,True
“Don’t contribute to your RRSP if you’re in a lower tax bracket than you will be in the future” - why not?,Why is it not advisable to not contribute to an RRSP when currently in a lower tax bracket but expecting to be in a higher one in the future?,True
Why is it recommended to not contribute to RRSP/FHSA if you're low income?,"Should a person with low income avoid contributing to RRSP (Registered Retirement Savings Plan) or FHSA (First Home Savings Account)? If so, why?",True
When to contribute to RRSP?,At what point should contributions be made to a Registered Retirement Savings Plan (RRSP)?,True
"First timer, mid 30s, starting an RRSP",A first-time investor in their mid-30s is beginning to contribute to an RRSP (Registered Retirement Savings Plan).,True
"Is $300,000 in an RRSP at 30 enough to retire at 55 in 25 years?","Does a $300,000 savings in a Registered Retirement Savings Plan (RRSP) provide sufficient funds for retirement at age 55 after a 25-year period starting at age 30?",True
63 yr old let go at work after over 30 years of service. Implications of cashing out RRSP now?,"What are the implications for a 63-year-old individual who was let go from their job after more than 30 years of service, if they decide to cash out their Registered Retirement Savings Plan (RRSP) now?",True
RRSP account is at $999K,"What is the balance of an RRSP account? (The provided balance is CAD 999,000)",True
Tax refund seems to be very low (RRSP/FHSA contributions over $20k),"Is the tax refund low when contributing more than $20,000 to RRSP and FHSA?",True
My journey to $1M RRSP started 25 years ago,"What is the timeframe for a person's RRSP accumulation towards reaching $1,000,000?",True
Does it make sense to drain all of an RRSP at age 34 to wipe out credit card debt and start fresh?,Should a person aged 34 consider using their entire RRSP balance to pay off credit card debt for a fresh financial start?,True
Is there still much benefit to contributing to my RRSP if I will be withdrawing at the same tax bracket as I am contributing?,Is there still a financial benefit to contributing to an RRSP when the withdrawal tax bracket is the same as the contribution tax bracket?,True
Is there a point when you stop contributing to your RRSP?,At what point should one stop contributing to their Registered Retirement Savings Plan (RRSP) in Canada?,True
"I have 120k rrsp contribution room. If I invest 120k in rrsp, will cra actually give me the huge refund in a single payment?",Will the Canada Revenue Agency (CRA) provide a large refund as a single payment when 120k is invested in an RRSP?,True
Multiplication is commutative. There is no special boost in compounding inside your RRSP. Pretty much the only thing that matters is your tax rate when you make the contribution and when you withdraw.,"Is there a special boost in compounding within RRSPs, considering multiplication is commutative and the significance lies in the tax rates during contributions and withdrawals?",True
"Tax question: my spouse has a lot of RRSP contribution room, but I have money lying around. Can I gift them money to contribute to my Spousal RRSP?",Can I gift money to my spouse with significant RRSP contribution room to contribute towards their Spousal RRSP?,True
Question: Why take a loan to contribute to your RRSP? Logic of it.,What is the rationale for taking out a loan to fund contributions towards a Registered Retirement Savings Plan (RRSP)?,True
How common is it for employers in Canada to offer matching contributions to RRSP?,How common is it for employers in Canada to offer matching contributions to RRSP?,True
"ELI5: why is it that I can get a $1500 cellphone on a payment plan with kinda crap credit, but I can't get a $500 loan from my bank, even though they hold my RRSP, worth over $15K?","Why is it that an individual with suboptimal credit can obtain a $1500 phone on a payment plan, but cannot secure a $500 loan from a bank despite holding an RRSP worth over $15000?",True
Defined Pension vs RRSP,Comparing Defined Pension Plans and Registered Retirement Savings Plans (RRSPs),True
When to stop contributing to RRSP?,At what point should an individual stop contributing to a Registered Retirement Savings Plan (RRSP)?,True
My RRSP transfer from Manulife to Questrade was stolen,Was there unauthorized transfer of RRSP funds from Manulife to Questrade?,True
What kind of RRSP matching plan do you get from your employer?,"Does the employer offer any RRSP matching plan? If yes, what is the nature of the RRSP matching plan provided by the employer?",True
Work is offering RRSP Matching of up to 5%,Does the employee's workplace offer RRSP matching up to a rate of 5%?,True
"What's the catch with companies matching RRSP contribution? If I contribute 5% of salary, they'll match that. How can they give away free money?","What are the potential conditions or limitations associated with employer-matched RRSP contributions when an employee contributes 5% of their salary, and how can companies afford to provide matching contributions?",True
Salary jumped from $80k - $200k; Empty RRSP and $42k in student debt,"What is the financial impact on retirement savings (RRSP) for an individual with a salary jump from $80,000 to $200,000, no existing RRSP funds, and $42,000 in student debt?",True
RRSP Contribution drawbacks?,Drawbacks of making RRSP contributions,True
I'm 67. Can someone explain to me why I can't access my RRSP savings?,Why can't a 67-year-old individual access their RRSP savings?,True
RRSP - Contribute more than my annual salary?,Is it possible to contribute more than an annual salary to an RRSP?,True
Rule of thumb for retirement: CPP + maxed RRSP = 100% income replacement up to YAMPE at age 65,Is the rule of thumb for retirement in Canada that CPP (Canada Pension Plan) plus fully-funded RRSP (Registered Retirement Savings Plan) provides 100% income replacement up to the YMPE (Year's Maximum Pensionable Earnings) at age 65?,True
Should I withdraw from RRSP to pay off 23% loan??,Is it advisable to withdraw funds from an RRSP to pay off a high-interest loan (23%)?,True
Old and need advice for RRSP investing.,"Seeking advice on RRSP investing, particularly for seniors.",True
FHB Plan Aka First Home buyers Plan AKA Taking money from RRSP to buy a house,Is it permissible to withdraw funds from a Registered Retirement Savings Plan (RRSP) to purchase a home under the First Home Buyers Plan in Canada?,True
Confusing advice from accountant on Spousal RRSP,Seeking clarification about conflicting advice regarding Spousal RRSPs from an accountant.,True
Seeking advice on RRSP contribution to manage one-time high income year,Advice needed for managing a high-income year by contributing to RRSP,True
Can I put less into my RRSP now that I'm paying for CPP2?,Is it possible to contribute less to my RRSP since I am paying for CPP2?,True
What are the negatives of an RRSP?,What are the disadvantages of Registered Retirement Savings Plans (RRSPs) in Canada?,True
Is an RRSP contribution worth it in my case?,Is a Registered Retirement Savings Plan (RRSP) contribution beneficial for me?,True
RRSP true cost penalty,"What is the penalty for withdrawing from an RRSP (Registered Retirement Savings Plan) before age 71, considering all associated costs and taxes?",True
Reasons NOT to max RRSP when in the top tax bracket?,Why should one not contribute the maximum amount to an RRSP if they are in the highest tax bracket in Canada?,True
If there’s zero benefit to over contributing to your RRSP why are the penalties so harsh?,"Why are the penalties for over-contributing to a Registered Retirement Savings Plan (RRSP) severe, given that there appears to be no advantage in doing so?",True
"If I'm not planning on buying a house, can I essentially consider the FHSA as a 40k addition to my RRSP contribution room?","Is it possible to view a Federal Home Savings Account (FHSA) as an additional $40,000 for RRSP contribution room if no house is being purchased?",True
RRSP over contribution by $150,RRSP Overcontribution Amount: $150,True
Abysmal rates of return on RRSP investments.,Low rates of return for Retirement Savings Plan (RRSP) investments in Canada.,True
Would you contribute to your RRSP if you were me?,Should a hypothetical individual contribute to their Registered Retirement Savings Plan (RRSP) in this scenario?,True
Should I max out RRSP contribution this year or wait for higher salary?,Should the investor maximize RRSP contributions for this year or wait until a higher salary is achieved?,True
Is it wise to take a loan to fund your RRSP?,Should one borrow money to finance contributions for an RRSP (Registered Retirement Savings Plan) in Canada?,True
maxing out RRSP even if you aren't a high income earner,"Is it advisable to contribute the maximum amount to an RRSP, despite having a moderate income?",True
When should I stop contributing to RRSP?,At what point should I cease making contributions to my Registered Retirement Savings Plan (RRSP)?,True
Question re tax impact of gifted money and RRSP contribution,What is the tax impact when receiving gifted money and making an RRSP contribution in Canada?,True
Why CPP/EI deduction even though I choose to transfer 100% bonus to RRSP.,Why is there a CPP/EI deduction when choosing to transfer 100% bonus to an RRSP?,True
Non Registered seems better than RRSP. What am I missing ?,Is there a reason why a Non-Registered account may be preferable to an RRSP?,True
RRSP withdrawal in chunks,Is it possible to withdraw funds from an RRSP in multiple installments?,True
Using my RRSP to pay off Debt,Using a Registered Retirement Savings Plan (RRSP) to Pay Off Debt,True
If I have a government pension do I need an RRSP?,Does an individual with a government pension require an RRSP (Registered Retirement Savings Plan) in Canada?,True
To RRSP or not to RRSP,Should I contribute to a Registered Retirement Savings Plan (RRSP) or not?,True
Should I stop contributing to my RRSP?,Should I continue or discontinue contributions to my Registered Retirement Savings Plan (RRSP)?,True
Considering RRSP withdrawal to pay off debt,Should I withdraw funds from my RRSP to pay off debt?,True
How do I decide whether I should keep investing in RRSP vs. non-registered?,Should I continue to invest in Registered Retirement Savings Plan (RRSP) versus non-registered accounts?,True
"Put Bonus towards RRSP or Payoff $750,000 Mortgage","Should a bonus be used to pay off a mortgage worth $750,000 or contribute towards an RRSP?",True
FHSA RRSP loophole?,Is there a loophole in the FHSA (First Home Savings Account) and RRSP (Registered Retirement Savings Plan) relationship for Canadian homebuyers?,True
Is there a point to save in RRSP?,Is there a point to save in RRSP?,True
What to do next when TFSA &amp; RRSP is maxed out?,What are the appropriate steps to take when a Tax-Free Savings Account (TFSA) and Registered Retirement Savings Plan (RRSP) have reached their maximum contribution limits?,True
When is it not worth it to max out RRSP?,Under what circumstances is it inadvisable to contribute the maximum amount to a Registered Retirement Savings Plan (RRSP)?,True
When people say they invest in Retirement that means rrsp account right ?,Does investing in retirement refer specifically to RRSP accounts?,True
I’ve almost Maxed Out My RRSP /TFSA– What’s Next?,What investment options are available for an individual who has almost maxed out their RRSP and TFSA in Canada?,True
Any advantage to an RRSP when you'll remain in a high tax bracket when retired?,Is there any advantage to contributing to an RRSP if one expects to be in a high tax bracket upon retirement?,True
What should I invest in in my FHSA If I plan on buying a house in the next 5 years?,Which investment is suitable for a First Home Savings Account (FHSA) if the account holder intends to purchase a home within the next 5 years?,True
FHSA - too good to be true?,Is a First Home Savings Account (FHSA) too good to be true?,True
Market crash and FHSA,Is there a relationship between market crashes and the usage of Federal Home Savings Account (FHSA) for investments?,True
"FHSA – found out I’m ineligible, what should I do?",FHSA Eligibility Issue: Suggestions for Alternative Actions,True
Should I open a FHSA when I don’t yet want to buy?,Is it advisable to open a First Home Savings Account (FHSA) if one does not currently intend to purchase a home?,True
Should I continue investing FHSA,Is it advisable to keep contributing to the First Home Savings Account (FHSA) for investment purposes?,True
First Home Savings Account (FHSA) - Read here before posting about the FHSA account.,Is the question relevant to a Canadian personal finance/investing context regarding the First Home Savings Account (FHSA)?,True
Is FHSA always invested or is my advisor lying to me?,"Is the Federal Home Savings Account (FHSA) always fully invested, or is there a possibility that my advisor may be misleading me about its investment status?",True
BMO advisor turned me around when I went to open a FHSA,Did a BMO advisor provide guidance when you attempted to open a First Home Savings Account (FHSA)-specifically?,True
FHSA contributors may be experiencing delays in getting their tax refund,Are FHSA (First Home Savings Account) contributors encountering potential delays in receiving their tax refunds?,True
Accidentally opened FHSA (18M),Did the user accidentally open a Federal Home Savings Account with a balance of $18M?,True
Should I OPEN a FHSA even if I am not planning on buying a house?,Is it advisable to open a First Home Savings Account (FHSA) if one is not planning on purchasing a home?,True
Leftover FHSA funds,Leftover Funds in a Federal Home Savings Account (FHSA),True
"I contributed $12,000 to FHSA for 2025 using $4,000 unused from 2024. Tax preparer claims $8,000 is max I can use per year and won't submit $12,000 as my contribution for this year","What is the maximum allowable annual contribution to a First Home Savings Account (FHSA) if $4,000 was carried over from the previous year and $8,000 was already contributed in the same year?",True
CRA My Account now has 2025 FHSA participation room statements,Does the CRA (Canada Revenue Agency) My Account provide 2025 FHSA (First Home Savings Account) participation room statements?,True
"My Wife went to TD for a FHSA, got sold Mutual Funds, and we are losing money",Wife invested in Mutual Funds through TD's FHSA and is experiencing losses,True
Just opened and funded a FHSA at Questrade!,"Has the individual opened, funded, and started contributing to a First Home Savings Account (FHSA) at Questrade?",True
Why is there a lifetime limit of 40k for a FHSA?,"What is the reason behind the lifetime contribution limit of CAD 40,000 for a First Home Savings Account (FHSA) in Canada?",True
If you buy a home but don't use the money in your FHSA..,"If unspent funds remain in a First Home Savings Account (FHSA), what happens to them?",True
"Confused about FHSA ruling. Contacted CRA, but they weren't much help",Is the individual seeking clarification on the First Home Savings Account (FHSA) ruling and has encountered difficulties in obtaining information from the Canada Revenue Agency (CRA)?,True
Should I prioritize an FHSA if my fiancee already owns a home?,Is it advisable to prioritize a First Home Savings Account (FHSA) if the individual's fiancée already owns a home?,True
FHSA contribution make sense for a university student making no income?,FHSA contribution make sense for a university student making no income?,True
18 y/o - FHSA vs TFSA,"At age 18, should one choose a Federal Home Savings Account (FHSA) over a Tax-Free Savings Account (TFSA)?",True
XEQT or GIC for fhsa?,Should XEQT (Index ETF) or a Guaranteed Investment Certificate (GIC) be used in a Home Buyers Plan (HBFSA)?,True
Won't the FHSA just increase demand and drive prices higher?,Does the First Home Savings Account (FHSA) potentially increase housing demand and consequently drive prices higher?,True
"Income is increasing significantly, should I defer RRSP and FHSA deductions?","Given a significant increase in income, is it advisable to delay contributions to Registered Retirement Savings Plan (RRSP) and Home Buyers' Plan (FHSA) deductions?",True
I put all my home savings in RRSP/FHSA. How bad did i mess up here?,Did the individual make a poor decision by investing all their home savings into RRSP/FHSA?,True
Our experience opening an FHSA: Yikes,Our experience opening an FHSA: Yikes,True
"My FHSA/RRSP/TFSA is maxed, spouse's isn't. Any reason I can't move spare cash from my nonreg savings account into her TFSA?","Can excess funds from a non-registered savings account be transferred to a spouse's Tax-Free Savings Account (TFSA), when the contributor's FHSA/RRSP is maxed and the spouse's isn't?",True
New grad with new job: FHSA or TFSA,Should a new graduate with a new job invest in a Federal Home Savings Account (FHSA) or a Tax-Free Savings Account (TFSA)?,True
Son Turned 18 and has 15k to invest from inheritance…TFSA and FHSA?,"Is it advisable for a son who recently turned 18 and has an inheritance of $15,000 to invest in TFSA (Tax-Free Savings Account) or FHSA (First Home Savings Account) if applicable?",True
I was able to create a FHSA on Wealthsimple,Was the creation of a Federal Home Savings Account (FHSA) successfully completed on Wealthsimple?,True
Should I aggressively pay off my debt before opening a FHSA and TFSA?,Is it advisable to prioritize debt repayment over contributing to a Federal Home Savings Account (FHSA) and Tax-Free Savings Account (TFSA) due to existing debts?,True
Very tiny overcontribution to FHSA,Tiny Overcontribution to the Home Buyers Plan (FHSA),True
"Maxed out my TFSA and FHSA, what should I do next?",What investment options are available for an individual who has maxed out their Tax-Free Savings Account (TFSA) and First Home Savings Account (FHSA)?,True
FHSA Tax Deduction Carry Forward?,Can a FHSA (First Home Savings Account) tax deduction be carried forward?,True
Used FHSA for a home deposit. The home fell through. What now?,"For an individual who used the First Home Savings Account (FHSA) for a home deposit but the purchase did not go through, what are the next steps?",True
"Feeling like I made a big mistake, FTHB / FHSA advice required",Do you require advice for first-time homebuyers (FTHB) and First Home Savings Account (FHSA) due to feelings of regret about a recent decision?,True
Confused about tax deductible amount of FHSA,What is the tax-deductible amount for a First Home Savings Account (FHSA) in Canada?,True
"Let's say you don't plan to buy a home, opening an FHSA is still a good idea, no?",Is it beneficial to open a First Home Savings Account (FHSA) if one does not plan to purchase a home?,True
The math on FHSA vs paying off debt... Am I missing something?,Is there a mathematical comparison between using the First Home Savings Account (FHSA) and paying off debt?,True
Not owing taxes? To use or not to use RRSP and FHSA deductions,Should one utilize RRSP and FHSA deductions if there is no outstanding tax liability?,True
FHSA - qualifying withdrawal,Is a qualifying withdrawal applicable for an FHSA (First Home Savings Account) in Canada?,True
EQ Bank launches FHSA at 3.00% interest rate,Does the launch of a High Interest Savings Account (FHSA) by EQ Bank offer an annual interest rate of 3.00%?,True
should I contribute to RRSP after maxing out TFSA and FHSA?,Should an individual contribute to Registered Retirement Savings Plan (RRSP) after maximizing Tax-Free Savings Account (TFSA) and First Home Savings Account (FHSA)?,True
What are the best ETFs for your FHSA?,Which are the top Exchange-Traded Funds (ETFs) suitable for a First Home Savings Account (FHSA)?,True
FHSA Tip Before Jan 1st,Is there any advice for using the First Home Savings Account (FHSA) before January 1st?,True
Is the First Home Savings Account (FHSA) actually worth it?,Is the First Home Savings Account (FHSA) financially beneficial?,True
Should I add 8k to my FHSA today?,Should I invest 8k into my First Home Savings Account (FHSA) today?,True
FHSA Participation room statement not appearing in last year's NOA,Why isn't the FHSA (First Home Savings Account) Participation Room Statement included in the Notice of Assessment (NOA) for the previous year?,True
Question about double dipping FHSA and RRSP for the First time home buyer.,"Is it possible to utilize both a First Home Savings Account (FHSA) and a Registered Retirement Savings Plan (RRSP) for the first-time homebuyer's initial property purchase, known as 'double dipping'?",True
What are you planning to put in your FHSA?,What investments will be made within a First Home Savings Account (FHSA) by the respondent?,True
Can I still contribute to FHSA even after marriage?,Is it possible to make contributions to the First Home Savings Account (FHSA) after getting married?,True
Max out TFSA OR FHSA first?,Should I max out Tax-Free Savings Account (TFSA) or First Home Savings Account (FHSA) first?,True
"After getting burned on “good stocks,” what’s the sensible way to invest $4.5k in a Wealthsimple FHSA?",What is the appropriate investment strategy for investing CAD 4500 in a Wealthsimple FHSA (Federal Health Savings Account) after experiencing losses with 'good stocks'?,True
How to best manage my FHSA,What are the best strategies for managing a First Home Savings Account (FHSA) in Canada?,True
What happens if you don't buy a home with the FHSA and your RRSP is maxed?,"If an individual's Registered Retirement Savings Plan (RRSP) is maximized, what are the consequences of not utilizing the First-Time Home Buyer's Save (FHSA) for home purchase?",True
Advice for how to manage registered accounts (TFSA/RRSP/FHSA) after receiving a large sum of money,"What advice can be provided for managing Registered Retirement Savings Plan (RRSP), Tax-Free Savings Account (TFSA), and First Home Savings Account (FHSA) when receiving a significant amount of money?",True
Need Help with FHSA Claims on Wealthsimple!,Is there assistance available for FHSA (First Home Savings Account) claims on Wealthsimple?,True
Should I put my paycheck into a tfsa or fhsa?,Should I invest my paycheck into a Tax-Free Savings Account (TFSA) or Home Buyers' Plan (HBP)/First-Time Home Buyers' Save (FHSA)?,True
"Forgot to report FHSA opening year, CRA thinks my first FHSA year is 2025, how do I fix ?","How to correct the reported First Home Savings Account (FHSA) opening year if Canada Revenue Agency (CRA) believes it is 2025, when it should be an earlier year?",True
How to invest FHSA and other money for home in 10-15 years?,"What are the strategies for investing funds allocated towards a First Home Savings Account (FHSA) and personal savings, with a time horizon of 10-15 years, for the purpose of purchasing a home?",True
Help with choosing between tfsa or fhsa or both at 19,"Should a 19-year-old decide between TFSA (Tax-Free Savings Account) and RRSP (Registered Retirement Savings Plan, commonly known as FHSA in some contexts) or consider using both?",True
Using a low interest portfolio loan to max fhsa contribution,Using a Low-Interest Portfolio Loan for Maximizing RRSP Contributions in Canada,True
Why do I have FHSA room? Bought a primary residence.,What is the reason for having Federal Home Savings Account (FHSA) room after purchasing a primary residence?,True
Home deposit with offer [FHSA/RRSP],Does the investment being considered qualify for a First Home Savings Account (FHSA) or a Registered Retirement Savings Plan (RRSP) as a home deposit?,True
Short term investments (FHSA),Are short-term investments under the First Home Savings Account (FHSA) suitable for personal finance and investing?,True
Change in use in FHSA purchased property,Frequency of FHSA-purchased property usage change,True
FHSA? It starts tomorrow but I don't see a single bank offering it yet.,"Is there any Canadian bank currently offering the First Home Savings Account (FHSA), as it becomes available starting tomorrow?",True
"FHSA question – contribution, deduction, and home purchase confusion (PR case)","Does the FHSA (First Home Savings Account) contribute to, provide a tax deduction for, and apply towards a down payment on a home purchase? (Particular PR Case)",True
Need help with FHSA contribution for first time home buying,Is there assistance needed to understand the contribution limits and eligibility requirements for a First Home Savings Account (FHSA) in relation to first-time home purchasing?,True
Am I wrong about the FHSA?,Is the information provided about the FHSA accurate?,True
FHSA participation room vs unused carryforward — CRA shows $16k for 2025 but math suggests more. Can someone clarify?,"Is there a discrepancy between the FHSA participation room shown by the CRA as $16,000 for 2025 and the calculated amount, which suggests a higher figure? Could this be explained?",True
Government FHSA update: Design of the Tax-Free First Home Savings Account,What is the design of the updated Tax-Free First Home Savings Account (FHSA) by the Canadian government?,True
"In 2023 I opened an FHSA and later that year I bought a house. I did not make a qualifying withdrawal in order to keep the FHSA open. In 2025 I opened a new FHSA with another broker. Is the new one ineligible? If so, what are the consequences and how do I fix it?","Is a new First Home Savings Account (FHSA) opened in 2025 eligible if an existing FHSA was open in the same year but no qualifying withdrawal was made? If ineligible, what are the consequences and how can it be rectified?",True
"TD agent screwed up my FHSA transfer paperwork and I got hit with a $1,600 fine for an over-contribution I didn't make - still can't get the proof document from Questrade","I received a $1,600 fine due to TD agent's error in processing my FHSA transfer paperwork. Despite my attempts, I am unable to obtain the necessary proof document from Questrade.",True
Can my wife open an FHSA?,Is it possible for a spouse to open a First Home Savings Account (FHSA) in Canada?,True
Advice on what to invest in WealthSimple - FHSA Account,Advisable investments for a WealthSimple FHSA (First Home Savings Account) Account,True
Should I max my FHSA if it won’t change my tax bracket?,Should one contribute the maximum amount to a First Home Savings Account (FHSA) if it does not affect their tax bracket?,True
20yr old investing - FHSA advice,Investment advice for a 20-year-old regarding the First Home Savings Account (FHSA),True
Unused FHSA contribution room from 2023 &amp; 2024,Unused FHSA (First Home Savings Account) contribution room for the years 2023 and 2024,True
Tax Refund Missing FHSA Contribution,Is a missing Federal Home Savings Account (FHSA) contribution causing issues with a tax refund?,True
"I ran the math on Bank Mutual Funds vs. ETFs over 25 years. 
The difference is literally a Ferrari.","Over a period of 25 years, what is the difference in return between bank mutual funds and ETFs, to the extent that this difference equates to owning a Ferrari?",True
Wishing the newer equity ETF investors all the best in their first major dip,Is it appropriate to offer well wishes to new equity ETF investors experiencing their first significant market downturn?,True
Ben Felix Video: CIBC Avantis ETFs: CAGE vs. VEQT/XEQT,"Is the comparison between CIBC Avantis ETFs (specifically, CAGE) and Vanguard's VEQT/XEQT relevant to personal finance/investing?",True
Ben Felix Video - The Rise of ETF Slop,"Is it possible to analyze the rise of Exchange-Traded Fund (ETF) sloppiness, as discussed in Ben Felix's video 'The Rise of ETF Slop'?",True
Borrowing from HELOC for fully paid house to invest in dividend/interest ETF's?,Is it appropriate to borrow using a Home Equity Line of Credit (HELOC) against a fully-paid house to invest in Dividend or Interest ETFs?,True
Justin Bender Video: ZEQT vs VEQT vs XEQT: Why Is Everyone Ignoring This ETF?,"Why is ZEQT, VEQT, or XEQT being ignored compared to other ETFs in the Canadian market?",True
YSK You can get high interest rates on your cash from CASH.TO (ETF) without relying on temporary bank promotions. No need to waste time by moving your money around.,"Is it beneficial to invest in CASH.TO (ETF) for higher interest rates on cash, as an alternative to relying on temporary bank promotions and avoiding the hassle of transferring funds?",True
TD Direct Investing now has commission free ETFs,Is it true that TD Direct Investing offers commission-free ETFs?,True
PSA: Mutual Funds are **SUBSTANTIALLY** more EXPENSIVE than equivalent ETFs,Is it accurate to state that mutual funds are significantly more expensive than comparable exchange-traded funds (ETFs) in terms of costs?,True
Vanguard Canada lowers ETF and Mutual Fund fees,Has Vanguard Canada reduced the fees for its ETFs and mutual funds?,True
Reached our $500K ETF milestone after 10 years: Thanks PFC,"After 10 years, the portfolio's ETF value reached $500,000. This achievement was made possible by Personal Finance Canada (PFC).",True
ETFs are booming—should we be worried?,Is there a concern about the growth of ETFs in the Canadian retail investment market?,True
Investor’s Edge announced $0 commissions on ETFs,Has Investor's Edge introduced zero-commission trading for Exchange-Traded Funds (ETFs)??,True
"Mutual funds could cost you thousands, switch to ETFs explained","Discuss the potential savings from switching from mutual funds to Exchange-Traded Funds (ETFs), highlighting the costs involved in mutual funds.",True
"Bay Street is fighting over high-interest ETFs that retail investors love, sparking a federal review","Is there a debate on high-interest ETFs among Bay Street participants, which have gained popularity among retail investors, leading to a federal review?",True
Why doesn’t everyone invest in index tracked ETFs?,What are the reasons why not everyone invests in index-tracking Exchange Traded Funds (ETFs) within the Canadian retail investment context?,True
Unpopular Opinion: It’s absolutely OKAY to not have a 100% DIY passive index ETF portfolio,"Is it acceptable to not have a completely self-managed, passive index ETF portfolio in Canada?",True
OSFI releases HISA ETF ruling - not good,Has OSFI released a negative ruling for HISA ETFs?,True
Emergency money - should I invest in ETF or not,Should I invest in an Emergency Fund ETF instead of a traditional savings account?,True
"Inflation going up, real estate unaffordable, stocks/etfs going down. Where do you park your investments dollars these days?","Given the current economic climate with inflation rising, real estate becoming unaffordable, and stocks/ETFs experiencing a downturn, where should one allocate investment dollars?",True
Why would you buy a bond ETF instead of just buying the underlying bond ?,What are the reasons for purchasing a Bond Exchange-Traded Fund (ETF) rather than directly owning individual bonds?,True
US/Canada dual citizen: how to invest without ETFs?,Canadian Dual Citizen: How to Invest Directly in Stocks and Securities Without Using ETFs?,True
Can I take a career break - 34 y/o NW $1.1M CAD in ETFs including $50k cash saved,"Is it possible to take a career break at age 34 with a net worth of $1,100,000 CAD, comprised of ETFs and $50,000 cash?",True
100k sitting in a chequing account. I want to buy an ETF so i don't just have this money doing nothing for me.,"A Canadian resident has $100,000 in a checking account and wants to invest in an ETF to generate returns instead of keeping the funds idle.",True
ETF vs RBC mutual funds,Comparison between ETFs and RBC Mutual Funds,True
How relevant is the 20% Global ETF &amp; 80% Bond portfolio today?,"How relevant is a 20% Global ETF and 80% Bond portfolio today, in terms of personal finance and investing?",True
Environmentally Conscious ETFs?,Are there Environmentally Conscious Exchange-Traded Funds (ETFs) available in Canada?,True
Can someone please explain the difference between ETFs and mutual funds to me like I’m a five year old?,Explain the differences between Exchange-Traded Funds (ETFs) and Mutual Funds in simple terms suitable for a five-year-old.,True
Investment in bond etf no longer worth it?,Is an investment in Bond ETF no longer a profitable decision?,True
Reached our $300K ETF milestone after 7 years: Thanks PFC,"Did reaching the $300,000 ETF milestone occur after 7 years?",True
"Management fee of iShares Core asset allocation ETFs reduced from 0.18% to 0.17% (XEQT, XGRO, XBAL)","Has the management fee for iShares Core Asset Allocation ETFs (XEQT, XGRO, XBAL) been reduced from 0.18% to 0.17%?",True
VEQT in non-reg account and dividend ETF in TFSA good plan?,Is it advisable to hold VEQT in a non-registered account and a dividend ETF in a Tax-Free Savings Account (TFSA) as an investment plan?,True
VT versus VEQT or XEQT for world ETF as core for TFSA,"Should VT, VEQT, or XEQT be chosen as a world ETF for a TFSA's core investment?",True
Pay down mortgage rate of 4% or invest in market ETFs?,"Should I pay down my mortgage with a rate of 4%, or invest in an ETF for the market instead?",True
"My financial advisor has actually done better than XEQT net of fees—is it still advisable to switch to self directed with low cost, whole market ETFs?","Is it advisable to switch to a self-directed account with low-cost, whole market ETFs if a financial advisor's performance net of fees is better than XEQT?",True
Global X Swap ETFs significant tracking error in 2025. Thoughts?,"Is it appropriate to discuss the potential significant tracking error of Global X Swap ETFs in the year 2025, and what could be the thoughts on this matter?",True
American ETFs vs. Canadian ETFs: Which one should I invest in?,Preference between American ETFs and Canadian ETFs for investment,True
Question: if I grow my RRSP large enough when I retire. Could I not sell the stocks/etfs and just live off the dividends or would I have to sell everything ?,Could a retired individual live off dividends from a sufficiently large RRSP without selling all assets?,True
"RBC Direct Investing announce Commission Free to some ETFs and all mutual funds, no account maintenance fee",Is it true that RBC Direct Investing has eliminated commissions for certain Exchange-Traded Funds (ETFs) and charges no account maintenance fees for all mutual funds?,True
Does it matter if I purchase CAGE ETF from Cibc’s investors edge compared edge or stick with Wealthsimple?,Is there a difference between purchasing the CAGE ETF from CIBC Investors Edge compared to Wealthsimple?,True
Critique my $60k CAD Portfolio (85% ETFs / 15% US Stocks),"Evaluate a $60,000 Canadian portfolio divided into 85% ETFs and 15% U.S. stocks.",True
Hamilton 8‑plex @ $1.6 M vs. S&amp;P 500 ETF — still outperforms after brutal stress‑test?,"Is the Hamilton 8-plex, valued at $1.6 million, still outperforming the S&P 500 ETF after a harsh stress test?",True
"""The rise of ETFs is making life miserable for Canada’s mutual fund industry"" - G&amp;M",Is the increasing popularity of Exchange-Traded Funds (ETFs) negatively impacting the Canadian mutual fund industry?,True
"Fundamentally is there any difference betweent the Vanguard, BlackRock and BMI all-in-one ETFs?","Is there a fundamental difference between Vanguard, BlackRock, and BMI's all-in-one ETFs?",True
Wealth Simple vs Big 5 bank for ETF investing,Is Wealth Simple more suitable than the Big 5 banks for Exchange-Traded Fund (ETF) investing?,True
First time doing taxes after buying ETF in non registered,Is this a first-time tax filing after purchasing an Exchange-Traded Fund (ETF) outside of a registered account?,True
Is it a good Idea to diversify ETFs too? Or it's better to invest in just 2-3 ETFs?,Should an investor diversify Exchange Traded Funds (ETFs) or is it more beneficial to invest in 2-3 ETFs?,True
"lets say i invest my rrsp in a dividend etf, will i be able to only withdraw monthly dividends with tax while my capital continues to grow. is there an option to do that.","Will it be possible to only withdraw monthly dividends from an RRSP invested in a Dividend ETF, paying taxes on them, while the capital continues to grow? Is there an option to achieve this?",True
When would you use a GIC over ETF?,Under what circumstances would an investor choose a Guaranteed Investment Certificate (GIC) over an Exchange-Traded Fund (ETF)?,True
How to Pick the Right ETF?,What criteria should be considered when choosing a suitable Exchange-Traded Fund (ETF) for investment in Canada?,True
"Switch TDDI Investments to ETF, or just move to Wealthsimple?","Should I switch from TDDI Investments to Exchange-Traded Funds (ETFs), or move my investments to Wealthsimple?",True
"28, new to investing, torn between US-only ETF or diversified portfolio – advice?",A beginner investor is considering between a U.S.-only ETF and a diversified portfolio. What advice would you provide?,True
DIY ETF investing vs advisor for long term wealth building?,Should an individual invest in a DIY ETF strategy versus hiring an advisor for long-term wealth accumulation?,True
CIBC Avantis ETFs - TFSA,Is the CIBC Avantis ETFs within a Tax-Free Savings Account (TFSA) suitable for investment?,True
BMO now offers commission free trading for multiple ETFs.,Is it true that BMO now offers commission-free trading for several Exchange-Traded Funds (ETFs)?.,True
"Holding a lot of USD, what are some ETFs I should invest in?",Which Exchange-Traded Funds (ETFs) would be suitable for investing in U.S. Dollars (USD) in the context of Canadian retail investment?,True
First time with ETFs,First-time experience with Exchange-Traded Funds (ETFs),True
Wealth Simple Managed vs ETF,Comparison between Wealthsimple's Managed Portfolios and Exchange-Traded Funds (ETFs),True
CPP vs Mandatory Government-Managed ETFs – Why CPP is Inefficient,Comparing CPP to Mandatory Government-Managed ETFs: An Analysis of the Inefficiencies in CPP,True
Is there an ETF like XEQT minus the large cap tech companies?,Is there a Canadian ETF similar to XEQT that excludes large-cap technology companies?,True
Worth $3500+ fee-only CFP for 7fig non-reg ETF plan?,Is it worth paying a $3500+ fee for a fee-only Certified Financial Planner (CFP) to manage a non-registered ETF plan with a value of over $7000?,True
Comparing after-tax returns of HISA vs money market ETF for non-registered funds,Is it possible to compare the after-tax returns of a High Interest Savings Account (HISA) versus a Money Market ETF for non-registered investment funds?,True
"How does an ETF's ""dividend reinvestment"" work in Wealthsimple?",What is the process of dividend reinvestment for an ETF within Wealthsimple?,True
Best way to passively invest in US stocks/ETFs?,What is the best method for passive investment in U.S. stocks and Exchange-Traded Funds (ETFs) from a Canadian perspective?,True
"Coworker is having a baby, can we all pitch in for an RESP or ETF fund?",Is it possible for coworkers to contribute towards a Registered Education Savings Plan (RESP) or Exchange-Traded Fund (ETF) to help with a newborn's education savings?,True
CIBC mutual funds vs ETF,Comparing CIBC Mutual Funds to Exchange-Traded Funds (ETFs),True
"Help understanding something from Millionaire Teacher: ""ETFs make sense for investors with portfolios valued above $50,000.""","Is there a minimum portfolio value of $50,000 recommended for investing in ETFs according to Millionaire Teacher?",True
Should I move all my Mutual Funds to ETF Index Funds?,Is it advisable to transfer all Mutual Funds into ETF (Exchange-Traded Fund) Index Funds?,True
Cash.TO and ZMMK ETF T+1 settlement date?,What is the T+1 settlement date for Cash.TO and ZMMK ETFs?,True
Transferring e series etfs to WS,Can I transfer E-Series ETFs to Wealthsimple?,True
Large ETF buy timing,What is the optimal time to purchase a large ETF in Canada?,True
Using margin account for long-term ETF investing with a 20% loan rate?,"Is it advisable to use a margin account for long-term ETF investing, given a 20% loan rate?",True
How to Correctly Calculate Return of Capital for BMO ETFs,What is the correct method to calculate the Return of Capital (RoC) for BMO Exchange-Traded Funds (ETFs)?,True
"Looking to invest in ETF, is now a good time?",Is now an appropriate time for investing in Exchange-Traded Funds (ETFs)?,True
ETF in a minors name question,Is it possible to purchase an ETF in a minor's name?,True
"Maxed all accounts, looking for a halal ETF, what are my options?",What are the available Halal ETF options for an investor who has maxed out all accounts?,True
"RBC, TD, and BMO are blocking access to HISA ETFs","Are RBC, TD, and BMO restricting access to High-Interest Savings ETFs?",True
Buy a rental property or keep $300k in ETFs?,"Should I invest $300,000 in rental property or ETFs?",True
CIBC - is there a way to automatically purchase $X of a specific ETF each week or every month so I don't have to remember myself?,"Can CIBC provide an automated method for purchasing a specific ETF amount ($X) weekly or monthly, without requiring self-initiation?",True
Safe ETFs to hold and build college savings in?,Recommended ETFs for Building College Savings in Canada?,True
XTOT - new ETF from Black Rock,"Is XTOT, a new ETF from BlackRock, suitable for investment?",True
2k/month TFSA: best ETF growth strategy?,What is the best ETF growth strategy for a $2000 per month contribution to a Tax-Free Savings Account (TFSA) in Canada?,True
I made a mistake on investment - covered call etfs,Did you make an error in an investment involving Covered Call ETFs?,True
Suggested CAD ETF's for high growth / high risk?,Recommend Canadian ETFs for High Growth and High Risk Investment,True
New Vanguard 100% Equity ETF,Is the question about the Return on Investment (ROI) of the New Vanguard 100% Equity ETF?,True
Canadian non-war ETFs,Are there any Exchange-Traded Funds (ETFs) in Canada that focus on investments excluding war-related businesses?,True
TFSA ETF suggestions,Recommendations for Exchange-Traded Funds (ETFs) to invest within a Tax-Free Savings Account (TFSA),True
Using TFSA savings for future home purchase? When to sell ETFs?,"Is it appropriate to use Tax-Free Savings Account (TFSA) savings for a future home purchase, and if so, when should ETFs be sold prior to the purchase?",True
Tax efficient broad market ETF to hold in a corporation,Recommended tax-efficient broad market ETF for holding within a Canadian corporation,True
Mutual Funds Vs ETFs,Comparing Mutual Funds and Exchange-Traded Funds (ETFs),True
A different sub for normals (not sarcasm),A different investment option for regular investors (excluding sarcastic suggestions),True
"Questrade says etf sell cost maximum $9.95, how come it's costing me $17.68 in commission to sell my etf?",Why is the selling commission for an ETF on Questrade higher than the stated maximum of $9.95 ($17.68 in this case)?,True
ETF Investing @ 21 y.o,Is ETF investing suitable for a 21-year-old individual?,True
Just XEQT forever?,Should I Invest in XEQT Permanently?,True
Is my best strategy really just XEQT and chill?,Should I primarily invest in XEQQ as a long-term strategy?,True
is putting all my money in XEQT at 30yo until retirement and not looking or touching it a good plan?,Is investing all savings at age 30 into XEQQ (Canadian Couch Potato's All-in-One ETF) and leaving it untouched until retirement a sound investment strategy?,True
Should I ditch my financial advisor and just but XEQT/VEQT,Should one replace a financial advisor with investing in XEQT (XIU) or VEQT (XEQ)?,True
2 million in XEQT ?,"What is the return on investment for $2,000,000 in XEQT (iShares Core MSCI Global All Cap Index ETF) over a specified time period?",True
Sell XEQT and switch to VEQT?,Should I sell XEQQ and invest in VEQT instead?,True
Is Wealthsimple managed investment any better than XEQT considering their management fees are 0.4%? In TFSA account.,"Is Wealthsimple's managed investment superior to XEQT, given that Wealthsimple charges a management fee of 0.4%, in a Tax-Free Savings Account (TFSA) context?",True
What's the downside of holding both VGRO and XEQT in wealthsimple,What are the potential disadvantages of owning both VGRO and XEQT within a Wealthsimple portfolio?,True
"I know we not supposed to time the market, but whats wrong with always have a stop limit sell in place? on like XEQT?","Is it advisable to always have a stop-limit sell order in place for an investment like XEQT, given the common advice against timing the market?",True
Should I invest in XEQT and S&amp;P 500 at the same time?,Should an individual invest in both XEQT and S&P 500 simultaneously?,True
XEQT and chill or more to life?,"Should I invest in XEQT and maintain a passive investment strategy, or should I consider more active approaches for a richer life?",True
VEQT vs XEQT for overthinkers,Comparison between VEQT and XEQT for individuals prone to overthinking about investment choices,True
Alternative to XEQT - Less Exposure to the Magnificent 7 Stocks,What are some alternatives to XEQT with reduced exposure to the 'Magnificent 7' stocks?,True
"32M, RRSP/TFSA maxed (XEQT) Where to put new savings?","For an individual with a maximum contribution to RRSP and TFSA, who has invested in XEQT, where should they direct their new savings?",True
XEQT vs VEQT or Both?,"Comparison between XEQT and VEQT, or a combination of both for investment in Canada.",True
XEQT for my kids RESP?,Is XEQT suitable for a Registered Education Savings Plan (RESP) for my children?,True
Selling XGRO for XEQT,Comparing Sell Decision of XGRO to XEQT,True
Why XEQT/VEQT over VFV?,What are the reasons to choose XEQT/VEQT over VFV for an investment?,True
Just started WealthSimple. Been paying huge MERS on bank mutual funds for years. Would you transfer the entire mutual funds to an RRSP on WS such as xeqt?,"Should the entirety of mutual funds currently held in a non-registered account with a bank be transferred to a Registered Retirement Savings Plan (RRSP) with WealthSimple, specifically the XEQT fund?",True
"XEQT for RESP, Is this the right way to do it?",Is investing in XEQT for a Registered Education Savings Plan (RESP) appropriate?,True
XSP (US) vs XEQT (World),Comparison between XSP (US) and XEQT (World) for investment,True
"First Investments, XEQT, lump sum vs. recurring deposit",Is it more advantageous for a first-time investor to make a lump sum investment in XEQQT or set up a recurring deposit?,True
"Have some money to invest and the market is down currently should I buy more VFV, XEQT and QQC?","Should an individual invest in VFV, XEQT, and QQC when there is a market downturn and they have funds available for investment?",True
XEQT equivalent for corporate investing.,What is the XEQT equivalent for corporate investment?,True
CAGE vs XEQT in RRSP,Is CAGE more suitable than XEQT for a Registered Retirement Savings Plan (RRSP) investment?,True
Switching from RBC mutual funds to XEQT / XGRO — passive vs active concern,"Is there a concern about switching from actively managed RBC mutual funds to passively managed XEQT or XGRO funds, given the difference between passive and active management in investing?",True
2023 Returns: XEQT vs VEQT vs mutual fund portfolios vs Wealthsimple (and more),"2023 Comparative Return Analysis: XEQT, VEQT, Mutual Fund Portfolios, and Wealthsimple",True
"Relative riskiness of XEQT, VEQT, SNP500 funds (VFV, for example)","Comparing the relative riskiness of investment funds XEQT, VEQT, and those that mirror the S&P 500 (such as VFV),",True
30k to invest in my TFSA just sold XEQT on Wealthsimple,"What should I do with CAD 30,000 recently sold from XEQQ (TFSA account on Wealthsimple)?",True
Investing everything in TFSA into XEQT? (27yo),Should a 27-year-old invest all their TFSA funds into XEQT?,True
XEQT/VEQT Investment Advice,What advice can you provide for investing in XEQT and VEQT?,True
"Investments - self managed with VGRO,XEQT or financial planner ?","Should investments be self-managed using VGRO, XEQT, or the services of a financial planner?",True
"What is your guys thoughts on a split of xeqt and qqc for a 19 year old? Plan on letting it sit for a minimum of 10 years, likely much longer.","Is there an opinion on investing in XEQT and QQC for a 19-year-old with a time horizon of at least 10 years, possibly extending beyond that?",True
XEQT for TFSA RRSP and RESP?,"Is XEQT suitable for Tax-Free Savings Account (TFSA), Registered Retirement Savings Plan (RRSP), and Registered Education Savings Plan (RESP)?",True
Should I go from XEQT to XEI?,Should I switch my investment from XEQT to XEG (as XEI is not a recognized ETF in Canada),True
Is it fine to go all out on XEQT,Is it advisable to invest heavily in the iShares S&P/TSX Capped Composite Index ETF (XEQT),True
"I have money invested in TD Direct Investing XEQT in TFSA. I have automated contributions, but they sit in cash until I buy in. With the cost being about $10 per trade, how often do you suggest I buy?","What is the optimal frequency for buying stocks when automating contributions to TD Direct Investing XEQT in a TFSA account, given a trading fee of approximately $10 per transaction?",True
M32 Coming into some LIRA money very soon. Should I buy VEQT/XEQT/ZEQT?,"Is it advisable for an individual receiving Large Investment RRIF (LIRA) funds to invest in Vanguard's Total Market Index Fund ETF Portfolio (VEQT), XAW or XUF (XEQT), or the Canadian Couch Potato's All-in-One ETF ZEC?",True
For the first time in my 45 years of life I am not living pay cheque to pay cheque or paying off debt. Where do I go from here?,"The individual, who has spent 45 years of their life living paycheque to paycheque and paying off debt, is now financially stable. They are seeking advice on what to do next with their finances.",True
Putting all my money into XEQT... what happens during retirement?,What is the outcome of investing all savings in XEQQ (Total US Market Ex-Canada ETF) for retirement?,True
I'm moving my RRSP from Scotiabank to Wealthsimple and splitting it between 50/50 XEQT and VFV for the next 20-ish years.  That is all.,"Is the user planning to transfer their RRSP from Scotiabank to Wealthsimple, investing 50% in XEQT and 50% in VFV for a period of approximately 20 years?",True
XEQT non registered,Is XEQT suitable for a non-registered investment account?,True
Join OMERS vs just buying xeqt with the money,Should I invest in OMERS instead of purchasing XEQT with the same amount of money?,True
What is the best ETF for more tech exposure ? Currently just XEQT holding.,"Which is the best additional ETF to gain more technology exposure, given that XEQT is currently held?",True
"Should I lump sum or DCA into XEQT with my extra $8,000?","Should the extra $8,000 be invested as a lump sum or through dollar-cost averaging (DCA) into XEQT?",True
Sell gold ETF shares for XEQT?,Should I sell shares of the XEQT (iShares S&P/TSX Capped Composite Index) Gold ETF?,True
Change etf from XEQT to something without usa stocks,Which exchange-traded fund (ETF) that does not include USA stocks can I switch to from XEQT?,True
do you guys prefer VFV or XEQT and why?,"Do participants in this study have a preference between ETFs VFV and XEQT, and if so, what are the reasons for their preference?",True
What to invest in an RRSP if my TFSA is XEQT? My TFSA is already maxed out and invested fully in XEQT. What should I invest in for my RRSP?,"Given that my TFSA is fully invested in XEQQ, what investment options are suitable for an RRSP?",True
ACB: How to handle XEQT reinvested dividends in Wewalthsimple?,How to manage reinvested dividends from XEQT (Horizons Exchange Traded Fund) within Wealthsimple?,True
Is XEQT still good at this point?,Is XEQQ still a suitable investment option at the current time?,True
Ethical investing and XEQT?,"Is Ethical Investing applicable to XEQT (iShares S&P/TSX Capped Composite Index ETF) and if so, what are the specific ethical considerations or guidelines applied?",True
"Mortgage Renewing Dec 1, and we're planning to pay off a big chunk of it. Should I just pull that amount from XEQT and throw it into a promotional high interest savings account (4.7% for 90 days)?","Should I withdraw funds from XEQT to pay down a mortgage, and then deposit the same amount into a high-interest savings account with a promotional rate of 4.7% for 90 days?",True
WS vs CIBC For tfsa xeqt holding.,Is it more advantageous to hold XEQT in a TFSA with WS (Wealthsimple) compared to CIBC?,True
Whole world ETFs without home bias in Canada (no XEQT/VEQT),"Are there any World ETFs available in Canada, excluding XEQT and VEQT?",True
VFV vs XEQT long term,Comparison of Long-Term Performance Between VFV and XEQT,True
Is it prudent to invest all my money into VFV and XEQT.,Should all savings be invested in VFV (iShares S&P/TSX Capped Composite Index ETF) and XEQT (iShares S&P 500 Index ETF)?,True
"For those who have XEQT or VEQT, what other ETFs do you have?",What other Exchange-Traded Funds (ETFs) do individuals holding XEQT or VEQT also invest in?,True
Should I keep VEQT or start over with XEQT?,"Should I continue holding VEQT, or should I switch to XEQT for my investment portfolio?",True
Justin Bender: All-Equity ETFs: XEQT vs. VEQT,Comparison between Justin Bender's recommended all-equity ETFs: XEQT and VEQT,True
Switching from sector fund to XEQT or North American value?,Should I switch from a sector fund to XEQT (iShares Core S&P Total U.S. Stock Market ETF) or North American Value Fund?,True
"What stocks to buy? How do you decide which to buy? I mostly only know of xeqt,xgro etc",Which specific stocks should I consider investing in? Could you explain the process for determining which stocks to buy? My current knowledge is limited to investments such as XEQT and XGRO.,True
Can I claim a capital loss if I sell XEQT and buy VEQT?,Is it possible to claim a capital loss when selling XEQT and buying VEQT in Canada?,True
Something between CASH.TO and XEQT,Something between CASH.TO and XEQT,True
This year OMERS removed guaranteed indexing in order to preserve the health of the pension plan. Today they sent me an email saying that in 2020 they returned -2.7%. Their 20 year annualized return is only 6%. Maybe they should just invest in XEQT honestly,"What is the impact of OMERS' decision to remove guaranteed indexing and their recent return of -2.7% in 2020, compared to a 20-year annualized return of only 6%, on the performance of their pension plan? Is XEQT a more suitable investment option?",True
Should I just switch all my investments to XEQT?,Should all investments be switched to XEQQT (iShares Core Global All Cap ETF)?,True
Reoccuring set and forget ETFs (XEQT &amp; XQQ),"Are recurring, set-and-forget ETFs (specifically XEQT and XQQ) suitable for Canadian retail investors?",True
"OSAP Student: ZMMK now, XEQT after grad?",Should an OSAP student invest in ZMMK now and switch to XEQT after graduation?,True
Should I Ditch VFV and Just Go XEQT + TEC?,Should I replace VFV with a combination of XEQT and TEC in my investment portfolio?,True
Question about XEQT and VEQT,Is the question regarding XEQT (iShares Core Canadian Bond Index ETF) and VEQT (iShares Core Global All Cap Index ETF) answerable?,True
Should I move my managed portfolios in a self managed with just XEQT,"Is it advisable to transfer managed portfolios into self-managed, focusing solely on the ETF XEQT?",True
"Is it necessarily bad to hold all three of VFV, QCC, and XEQT?","Should one avoid holding all three of VFV, QCC, and XEQT in a portfolio?",True
Stick with ETFs that are biased on US like VEQT/XEQT?,"Should I invest in ETFs (specifically, VEQT and XEQT) that have a bias towards the U.S. market?",True
Looking to Sell $XEQT to purchase $VYMI. Is this a good idea?,Is it advisable to sell XEQT and buy VYMI?,True
XEQT too aggressive for someone retiring in a few years?,Is XEQT too aggressive for an individual retiring within a few years?,True
RRSP Withholding tax - XEQT vs using IBKR to buy US ETFs,"Is the RRSP withholding tax different between investing in a Canadian-listed US ETF (e.g., XEQT) compared to buying a US ETF directly on an international broker like Interactive Brokers (IBKR)?",True
XEQT vs VEQT vs QQQ,"Comparing XEQT, VEQT, and QQQ: Which has a better return on investment?",True
"Non-US (Canada, Europe, other developed countries) XEQT alternative?",Alternative to XEQT (a Canadian all-equity ETF) in non-US developed countries such as Europe,True
"33 year old - Multiple registered accounts (DCPP, RRSP, DPSP) in multiple financial institutions and funds due to changing employers - BLK LP Index 2050 Fund (0.18% Annualized), BLK LP 2055 Fund (0.465%). Benefits to shifting to XEQT/VGRO ETF? (Additional Info an Questions in Body)","Is it beneficial for a 33-year-old with multiple registered accounts (DCPP, RRSP, DPSP) at various financial institutions and funds due to job changes, to switch from BLK LP Index 2050 Fund (0.18% Annualized) and BLK LP 2055 Fund (0.465%) to XEQT/VGRO ETF?",True
Does wealthsimple have higher spread for veqt than xeqt,Does Wealthsimple offer a wider bid-ask spread for VEQT compared to XEQT?,True
"Quick question for the first time ""investing"". Put into WeahlthSimple curated TFSA or directly into XEQT as a start?","Should a first-time investor deposit funds into a Tax-Free Savings Account (TFSA) offered by Wealthsimple, or invest directly into XEQT as an initial step?",True
Leveraging WealthSimple right now and have almost all funds in their managed portfolios. I have a High Risk account (Growth Portfolio- 9) and a Medium Risk account (Balanced - 5). Is moving the amount into XEQT (High Risk) and VGRO/XGRO (Balanced Risk) the move to save fees?,"Is moving funds from WealthSimple's managed portfolios (Growth Portfolio-9 for High Risk and Balanced -5 for Medium Risk) into individual ETFs XEQT (High Risk), VGRO, and XGRO (Balanced Risk) a cost-effective decision?",True
"20s in O&amp;G: Should I dump my ""House Fund"" into XEQT to fund a life abroad?",Should a person in their 20s working in Oil and Gas consider investing their 'House Fund' into XEQT for funding a life abroad?,True
Continue investing in XEQT?,Should I continue to invest in XEQQ (XETRACS Canada S&P/TSX Capped Composite Index ETF)?,True
Buying VFV in RRSP account,Is it advisable to purchase the ETF 'VFV' within a Registered Retirement Savings Plan (RRSP) account?,True
Going all-in on VFV- bad idea?,Going all-in on VFV- bad idea?,True
VFV + QQC vs VEQT,Comparison between VFV and QQC from iShares versus VEQT from Vanguard in terms of return,True
Sell condo and put it all into VFV?,Should I sell my condo and invest the entire proceeds in the ETF VFV (iShares S&P/TSX 60 Index Fund)?,True
"Best Investment in Canada, VOO vs VFV, RRSP?",Is it more advisable to invest in either VOO or VFV within an RRSP account in Canada?,True
Can someone ELI5 for me the Wealthsimple direct indexing vs something like VFV?,Explain in layman's terms the difference between Wealthsimple Direct Indexing and a passive ETF such as VFV,True
Looking on advice regarding VFV and QQC or the best ETF,"Which is the best ETF between VFV and QQC, based on current investment advice?",True
VFV &amp; VCN worth in TFSA?,VFV &amp; VCN worth in TFSA?,True
To Investors who buy-and-hold 1-Fund ETFs with a long time horizon: Why NOT VFV over *EQT?,For Long-Term Buy-and-Hold Investors of 1-Fund ETFs: What are the reasons for choosing EQT over VFV?,True
19yo. Investing 300month vfv + 100$month veqt in tfsa,A 19-year-old is investing $300 per month into VFV and an additional $100 per month into VEQT within a TFSA.,True
VEQT + VFV (Smart or Recency Bias?),Is there a Smart or Recency Bias when investing in VEQT and VFV?,True
Suggestions to couple with VFV?,Recommendations for pairing investments with the ETF VFV (iShares S&P/TSX 60 Index)?,True
Sell VOO in my TFSA and switch to VFV?,Should I sell VOO from my Tax-Free Savings Account (TFSA) and invest in VFV instead?,True
Just put around 70/30 split of 1.5K into VFV &amp; VDY,"Invest 1500 dollars with a 70/30 split, where 70% goes to VFV and 30% goes to VDY.",True
VFV vs S&amp;P 500 returns,Comparison of VFV (iShares S&P/TSX Capped Composite Index ETF) returns versus S&P 500 returns,True
"VDY, VFV and XEQT — too much?","Is holding multiple ETFs such as VDY, VFV, and XEQT excessively diversified for personal finance and investing?",True
"Newbie Investor - Bought VFV, Need Help Deciding Between XIC vs VCN &amp; XEF vs XAW","New Investor Purchased VFV. Requires Assistance in Choosing Between XIC and VCN, as well as XEF and XAW for Further Diversification",True
Can I sell my VOO shares that I have in my TFSA to buy VFV shares without penalty?,Is it possible to sell VOO shares held within a Tax-Free Savings Account (TFSA) and purchase VFV shares without incurring a penalty?,True
why has VFV significantly underperformed VOO so far this year?,Why has VFV performed worse than VOO in the current year?,True
"28 years old, 100k cash: buy a condo now or invest in stocks (VFV/XEQT/ZLB)?","At age 28 with $100,000 cash, should the individual consider purchasing a condo or investing in stocks (VFV, XEQT, ZLB)??",True
What are some good ETF’s that would pair well with VFV?,What are some suitable ETFs that could complement VFV in a portfolio?,True
"Avoiding TFSA US Dividend Withholding Tax, is HXS better than VFV? (Total Return Swap)",Is HXS preferable to VFV for avoiding TFSA US Dividend Withholding Tax when considering Total Return Swaps?,True
"Looking to simplify my non reg account. Which efts would you get rid of: VDY, VFV, VIU, XEQT, XRE, VGRO?","Which ETFs should be removed from a non-registered account for simplification: VDY, VFV, VIU, XEQT, XRE, VGRO?",True
"Feel sad buying VFV, why is it still so low?",Why is the investment in VFV (a Canadian all-capitalization ETF) yielding a perceived low return?,True
VFV.TO for next 30 years? - Index Investing,Will VFV.TO be a suitable long-term investment (next 30 years) for index investing?,True
"If you believe CAD will fall relative to USD, is it better to hold VOO rather than VFV?",Is it more advantageous to hold VOO instead of VFV when predicting a decline in the Canadian Dollar (CAD) compared to the US Dollar (USD)?,True
VOO vs VFV/VSP in TFSA,Comparison between VOO and VFV/VSP in Tax-Free Savings Account (TFSA),True
Why do people say XEQT is better than VFV when considering their annual returns?,What are the reasons often cited for considering XEQT superior to VFV in terms of annual returns within the context of Canadian retail investment?,True
Sell Bank stocks and buy VFV?,Should I sell bank stocks and instead invest in the iShares S&P/TSX Capped Composite Index ETF (VFV)?,True
"Complimentary Stock to VFV, TFSA",Recommend a Complementary Stock to VFV for Tax-Free Savings Account (TFSA),True
Investments reallocation: Should I take profits from my tech stocks and move more into VFV?,Should investments be reallocated by taking profits from technology stocks and moving them into the ETF 'VFV'?,True
Utterly insane salary increase/bonus - where to from now?,What should an individual do with a significantly increased salary or bonus in terms of personal finance and investing?,True
VOO or VFV in a RRSP?,Should I invest in VOO or VFV within a Registered Retirement Savings Plan (RRSP) in Canada?,True
80% VFV &amp; 20% XEQT or 100% VFV,"Should one invest 80% in VFV and 20% in XEQT, or should one invest 100% in VFV?",True
"Keep Fidelity investments or sell &amp; pay capital gains tax and switch to something else? (VEQT, VFV, etc.)",Should I keep Fidelity investments or sell them and incur capital gains tax to switch to alternative investments like VEQT or VFV?,True
Why is VFV recommended instead of VT?,Why is VFQ (VFV in Canadian context) preferred over VTI (VT in American context) for investment?,True
Finding lots of misleading information on holding VFV due to taxes,Is there misleading information regarding the tax implications of holding VFV (iShares S&P/TSX Capped Composite Index ETF) in Canadian retail investment?,True
How is vfv down today is the s&amp;p is up .68%,Is VFV performing poorly today while the S&P is up by 0.68%?,True
vfv for retirement,What is the expected return on investment (ROI) for a retirement savings plan in Canada?,True
Selling VFV &amp; Buying VOO,Should I sell VFV and buy VOO for my investment portfolio?,True
VFV in Wealthsimple question,"Is the return on investment (ROI) for VFV, when held within Wealthsimple, favorable compared to other low-cost Canadian ETFs?",True
"How often do you buy VFV? Is there a ""good time"" to buy it?",What is the frequency of purchasing VFV and is there an optimal time to buy it?,True
Considering Switching from XEQT to VFV,Should I Consider Switching from XEQT to VFV in My Investment Portfolio?,True
VFV vs VRGO/VEQT/etc. during times of suppressed dollar and tarrifs,"Comparison between VFV and alternative ETFs (VRGO, VEQT) during periods of a suppressed Canadian dollar and tariffs",True
VFV or HXS in a TFSA,Should I invest in VFV or HXS within a Tax-Free Savings Account (TFSA)?,True
VFV for majority of my savings…?,Should VFV make up the majority of my savings?,True
Tax Implications investing in a ETF (VFV vs VOO),"What are the tax implications of investing in Exchange-Traded Funds (ETFs), specifically comparing VFV and VOO?",True
Should I buy 20K worth of VFV ETF Stock,"Is it advisable to invest CAD 20,000 in the VFV ETF?",True
XEQT is really popular but what about VFV?,What is the status and performance of the investment vehicle VFV compared to XEQT?,True
FHSA and VFV: Did I make a bad decision?,Did investing in the FHSA (First Home Savings Account) and VFV (iShares S&P/TSX Capped Composite Index ETF) result in a poor financial decision?,True
Investment strategy XEQT and VFV,Is there a comparative analysis available for investment strategies XEQT and VFV?,True
"I currently have roughly $5700 in VEQT, $700 in VFV. Does this make any sense, should I rebalance? Looking long term (30+ years)","Does the investment portfolio consisting of $5700 in VEQT and $700 in VFV make sense for a long-term (30+ years) strategy, and should rebalancing be considered?",True
"XIC, XEF, and VFV","Investment Performance Comparison: XIC, XEF, and VFV",True
When I invest in VFV do I get taxed on my gains or just dividends?,Does investing in VFV result in taxation for capital gains or solely for dividends?,True
Withholding Taxes on VFV in TFSA?,Is there a withholding tax applicable for investments in the ETF VFV within a Tax-Free Savings Account (TFSA) in Canada?,True
VFV &amp; VEQT split for TFSA?,Should I split my TFSA between VFV and VEQT?,True
"Popular TSX ETFs are now available through Wealthsimple Fractional Trading. $VFV, $ZSP &amp; $XQQ","Are Popular TSX ETFs (VFV, ZSP, and XQQ) Now Accessible Through Wealthsimple's Fractional Trading?",True
Anyone knows what happened to VFV this morning? Bounced back from $147 to $155 now?,"What was the change in price for VFV today, specifically from the opening price to the current price, and has it moved from $147 to around $155?",True
Would it be smart to transfer my USD VOO stock to buy VFV cad?,Should I convert my USD VOO shares to buy VFV CAD instead?,True
Bank of Canada Interest Rate Announcement for July 2024,Is the Bank of Canada Interest Rate for July 2024 available?,True
Which Canadian S&amp;P 500 to buy VSP vs. VFV vs. XSP,"Which is the better choice between VSP, VFV, and XSP from the Canadian S&P 500 for investment?",True
VFV in these troubling times,Is VFV a suitable investment option during these challenging economic times?,True
XEQT or VFV long term? You can only pick one.,Which is more suitable for a long-term investment between XEQT and VFV? (Only one can be chosen),True
Why is VFV.TO and ZSP.TO down 1% today when S&amp;P is up .75%?,"Why has VFV.TO and ZSP.TO decreased by 1%, while the S&P is up by 0.75%?",True
Does VFV dividend match S&amp;P500?,Does the VFV dividend match the S&P 500 dividend?,True
"investing in xeqt, vxc, and vfv EFTS","Investing in XEQT, VXC, and VFV ETFs: What are the current performance metrics (e.g., Return on Investment, Annual Return) for each ETF?",True
Started to experiment with stocks last year. Have 5 shares of VFV Vanguard S&amp;P 500 ETF. Should I buy more at this point?,"Should the individual, who started experimenting with stocks last year and currently holds 5 shares of Vanguard S&P 500 ETF (VFV), consider purchasing additional shares at the current point in time?",True
"Vfv, qqq.f, Xeqt portfolio","What is the composition and return of a portfolio consisting of VFV, QQQ, and XEQT?",True
Are there any advantages to USD vs CAD S&amp;P500 ETFs (VOO vs VFV) when the Canadian dollar is as low as it is?,"What are the advantages, if any, of US Dollar (USD) versus Canadian Dollar (CAD) S&P 500 ETFs (VOO vs VFV) when the Canadian dollar is at a low value?",True
% of return for TFSA in HXS vs VFV over 6 years,Percentage return on investment for TFSA (Tax-Free Savings Account) in HXS and VFV over a period of 6 years,True
Help with SPY vs VFV,Comparison between SPY and VFV,True
First time contributing to TFSA: Should I put it in CASH.TO or CBIL or VEQT/VFV?,"For a first-time contributor to the Tax-Free Savings Account (TFSA), is it advisable to invest in CASH.TO, CBIL, VEQT, or VFV?",True
VFV and XEQT in TFSA,Is it appropriate to hold VFV and XEQT within a Tax-Free Savings Account (TFSA) for investment purposes?,True
Comparing VOO vs VFV,"Is it possible to compare investment returns between VOO (Vanguard S&P 500 ETF) and VFV (iShares S&P/TSX 60 Index ETF), both over the same time period, in the context of a Canadian retail investment research study?",True
"Invest directly in S&amp;P 500, VFV or XEQT?",Should I invest directly in the S&P 500 (ticker symbol VFV) or XEQT in Canada?,True
Portfolio ideas holding VFV,Suggest portfolio ideas for investments that include ETF (Exchange-Traded Fund) VFV,True
"Tax on dividend earned from  US  listed ETF like VFV, VUN in non registered account",What is the tax rate for dividends earned from US-listed ETFs (such as VFV and VUN) in a non-registered Canadian investment account?,True
Anyone moved 100% from bank to Wealthsimple.,Has anyone completely switched their investments from a traditional bank to Wealthsimple?,True
Should I be worried about Wealthsimple?,Is it advisable to have concerns regarding investing with Wealthsimple?,True
Wealthsimple: yes or no?,Is Wealthsimple a suitable investment option?,True
Wealthsimple Has Security Breach,Has Wealthsimple Suffered a Security Breach?,True
Wealthsimple Launches $0 Business Chequing Account,Has Wealthsimple launched a $0 business checking account?,True
New and Improved Wealthsimple Credit Card coming soon,Is there any upcoming New and Improved Wealthsimple Credit Card?,True
Accounts closed and banned from Wealthsimple with no explanation,Reason for account closure and ban by Wealthsimple,True
Wealthsimple Tax 2025 is now available,Is Wealthsimple Tax for the year 2025 currently available?,True
Wealthsimple Unveils New Visa Infinite Privilege Card,Is the question 'Wealthsimple Unveils New Visa Infinite Privilege Card' relevant to personal finance/investing and answerable?,True
Questrade lays off undisclosed number of employees - Wealthsimple eating their customer base? | CTV News,"Has Questrade laid off an undisclosed number of employees, and is Wealthsimple potentially gaining their customer base?",True
Switching to Wealthsimple as my primary bank,Considering a Switch to Wealthsimple for Primary Banking Services,True
Wealthsimple Visa Infinite is going public in a few weeks,Is Wealthsimple Visa Infinite planning to go public within the next few weeks?,True
FYI RE: Wealthsimple's FREE filing service,Is Wealthsimple's free tax filing service relevant to personal finance/investing?,True
FYI: WealthSimple Chequing now offering cash deposits (coins/bills of CAD) at Canada Post locations,Is it true that WealthSimple Chequing accounts now support cash deposits (using Canadian coins and bills) at Canada Post locations?,True
I'm sick of TD's death by a million fees. How pain-free is it to transfer everything over to e.g. Wealthsimple?,"Is it straightforward to transfer all assets from TD to Wealthsimple, considering the process and associated fees?",True
Wealthsimple froze my entire joint account over a cheque — zero access to my own money for 10 days,Why was my entire Wealthsimple joint account frozen for ten days due to a cheque?,True
Wealthsimple to layoff 13% of workforce,Is there a planned layoff of 13% of the workforce at Wealthsimple?,True
WealthSimple's Apple promotion is back,Is WealthSimple's Apple investment promotion currently available?,True
WealthSimple has almost instantaneous interac transfer. Other banks should take notice,"Should other Canadian banks consider implementing instantaneous Interac transfers, similar to WealthSimple?",True
Wealthsimple on brink of largest-ever Canadian private tech funding: $700-million-plus deal would value the bank challenger at $5-billion - G&amp;M,"Is Wealthsimple expected to receive a $700-million-plus funding, and if so, what would be its estimated valuation after the deal?",True
"""What makes a bank a bank"" RBC ad jabbing Wealthsimple?","What are the characteristics that define a bank, and how does the Royal Bank of Canada (RBC) differ from Wealthsimple as investment platforms?",True
Wealthsimple now offers 4% for ALL Cash clients,Does Wealthsimple offer a 4% interest rate for all Cash clients?,True
Wealthsimple Credit Card (Visa Infinite) is here.,Is the Wealthsimple Credit Card (Visa Infinite) available?,True
Wife isn't convinced about Wealthsimple,Is the wife not convinced about using Wealthsimple for investment?,True
Wealthsimple Visa Infinite: Unlimited 2% CB and no FX fee start on Dec 12,Is the Wealthsimple Visa Infinite card offering unlimited 2% cashback and no foreign exchange fees starting from December 12th?,True
"How well are independent stock brokerages (Questrade, Wealthsimple, etc.) regulated?","What is the extent of regulation for independent stock brokerages in Canada (e.g., Questrade, Wealthsimple)?",True
Wealthsimple Visa infinite credit card rolling out again,Is Wealthsimple re-releasing their Visa Infinite Credit Card?,True
Wealthsimple Lowering Their Interest Rate,Is Wealthsimple Reducing Its Interest Rates?,True
WealthSimple cuts Cash interest rate again,Has WealthSimple reduced its cash interest rate again?,True
Wealthsimple's Credit Card now offers Travel and Medical Insurance,Does Wealthsimple's Credit Card provide Travel and Medical Insurance?,True
Is Wealthsimple worth it?,Is Wealthsimple a valuable investment platform for Canadians?,True
Wealthsimple update on credit card waitlist,Is there an update on the Wealthsimple Credit Card waitlist?,True
Can someone explain how Wealthsimple can afford to give 2% plus no fx fee with fees waived?,How does Wealthsimple manage to offer a 2% return and waive foreign exchange fees with their fee structure?,True
"Is there any reason to ""avoid"" Wealthsimple?",Should there be any reasons to avoid using Wealthsimple?,True
Any reason NOT to transfer everything to Wealthsimple,Is there any reason not to move all funds to Wealthsimple?,True
My review of the Wealthsimple Visa Infinite,Review of Wealthsimple Visa Infinite's Performance in a Canadian Retail Investment Context,True
What Do You Think of Wealthsimple Cash Account?,What is your opinion about the Wealthsimple Cash account?,True
Wealthsimple Tax is pretty good!,Is Wealthsimple Tax considered good for personal tax filing?,True
Wealthsimple vs bank. No brainer or is there something I'm not seeing?,"Is Wealthsimple a better choice than a traditional bank for investment purposes, or are there hidden factors to consider?",True
Canadians could be part of a class-action lawsuit filed against Wealthsimple,Is it possible for Canadians to be involved in a class-action lawsuit against Wealthsimple?,True
Wealthsimple mortgage offer: take 0.05% off rate for every $50k invested. How does it make sense?,"How does a Wealthsimple mortgage offer that reduces the interest rate by 0.05% for every $50,000 invested in their platform make financial sense?",True
Should I switch banks/move to Wealthsimple,Should one consider switching banks to Wealthsimple?,True
Is there a better place to park cash now that Wealthsimple Cash is at 2.75%,"Is there a more profitable alternative for parking cash compared to Wealthsimple Cash, given its current interest rate of 2.75%?",True
Wealthsimple Tax 2023 is Open,Is Wealthsimple Tax 2023 now available?,True
"Should I move all of my money out of a traditional bank and into a FinTech account like Wealthsimple, Questrade, or Tabgerine?","Is it advisable to transfer all funds from a traditional bank to a FinTech investment platform such as Wealthsimple, Questrade, or Tangerine?",True
Wealthsimple vs rogers WE,Comparing Wealthsimple and Rogers Investment Wealth Management,True
So does no one ever hold more than $1M in Wealthsimple?,"Does anyone hold more than CAD 1,000,000 in Wealthsimple?",True
Wealthsimple - let’s talk.,Is Wealthsimple suitable for a discussion about personal finance and investing?,True
FYI: Wealthsimple quietly updated its list of unsupported countries for their Cash card,Has Wealthsimple updated the list of countries where their Cash card is not supported?,True
"PSA: If you file with WealthSimple and have capital gains, you can now file",Does filing with WealthSimple allow for reporting of capital gains during tax season?,True
Wealthsimple’s Cheapskate Black Friday Offer,Is Wealthsimple offering a discount for Black Friday?,True
Should i close off my big bank account and move to wealthsimple?,Should I switch from a large bank to Wealthsimple for investment accounts?,True
Wealthsimple vs Big Banks,Comparing Wealthsimple to Traditional Canadian Banks for Investments,True
Should I switch from RBC to EQ Bank or Wealthsimple for daily banking?,"Should the daily banking be switched from RBC to EQ Bank or Wealthsimple, in terms of personal finance and investing?",True
Alternatives to Wealthsimple/Questrade due to employer restrictions?,"Are there alternatives to Wealthsimple and Questrade for personal investing, considering potential employer restrictions?",True
any reason to stay on Wealthsimple after Questtrade announced no more fees?,"Is there a reason to continue using Wealthsimple, given that Questrade has announced they will no longer charge fees?",True
Just opened a Wealthsimple account. What now?,What should I do after opening a Wealthsimple investment account?,True
Wealthsimple vs TD spring offer,Comparing Wealthsimple and TD's Spring Offer for Investment Services,True
PSA: Wealthsimple has raised limit for outside fee reimbursement,Has Wealthsimple increased the limit for outside fee reimbursement?,True
Interesting Offers from Wealthsimple for the Ultra Wealthy,Are there any interesting offers from Wealthsimple specifically designed for the ultra-wealthy?,True
Is WealthSimple credit card good for me?,Is the WealthSimple Credit Card suitable for my financial situation and investment goals?,True
Thinking of moving from Primerica to Wealthsimple — am I missing something?,Is there any significant difference or potential drawback I should consider when transitioning from Primerica to Wealthsimple for investment purposes?,True
Why invest in CASH.to at 3.71% when Wealthsimple cash gives 3.75%,"Why is it preferable to invest in CASH.to over Wealthsimple Cash, given that the former offers a return of 3.71%, compared to the latter's 3.75%?",True
Mortgage renewal through Wealthsimple vs. directly through Pine?,Should I renew my mortgage through Wealthsimple or directly through Pine?,True
"For those waiting on the Wealthsimple 2% Visa, I just checked the app again and got my card!",Has the Wealthsimple 2% Visa card been received by the individual who was waiting for it?,True
Is wealthsimple the correct choice?,Is Wealthsimple a suitable investment platform?,True
WealthSimple Cash is now protected by CDIC,Is Wealthsimple Cash now insured by the CDIC?,True
Questrade vs Wealthsimple,Comparison between Questrade and Wealthsimple,True
Are there really any downsides to using Wealthsimple as my main bank?,What are the potential disadvantages of using Wealthsimple as a primary banking option?,True
BMO to WealthSimple - worth the switch?,Is it financially advisable to transfer investments from BMO to WealthSimple?,True
Should I dump Edward Jones RRSP (cost $610/month) for something like Wealthsimple?,"Should I switch my RRSP from Edward Jones to Wealthsimple, given the current cost of $610 per month?",True
The big Questrade vs Wealthsimple debate,Questrade versus Wealthsimple: Which is better for Canadian retail investment?,True
"Traveling soon, do I use Amex Cobalt or Wealthsimple Visa for everything?",Should travel expenses be made using Amex Cobalt or Wealthsimple Visa Card?,True
Huge difference between Wealthsimple and Turbotax returns ?!,Is there a significant difference in returns between Wealthsimple and TurboTax for investment portfolios?,True
Wealthsimple Total Tax Payable is way off of what CRA has calculated,Is the Wealthsimple Total Tax Payable significantly different from the tax amount calculated by the Canada Revenue Agency (CRA)?,True
Any reason not to transfer RRSP and TFSA to Wealthsimple to get 3% match?,Should there be any reservations about transferring RRSP and TFSA accounts to Wealthsimple for a 3% matching offer?,True
Can Wealthsimple force Stock Lending upon the client?,Does Wealthsimple mandate Stock Lending for clients?,True
Using Wealthsimple as my primary bank,Is Wealthsimple used as the primary banking institution for investment purposes?,True
Wealthsimple vs Other Major Banks,Comparison between Wealthsimple and Major Canadian Banks for Investment Services,True
"PSA: Wealthsimple Cash card has 0.0% FX rate, 0 fees (July 2025)",Does Wealthsimple Cash card offer a 0.0% Foreign Exchange (FX) rate and zero fees starting from July 2025?,True
"Thinking of moving from Wealthsimple to IBKR, need some help from people who have used it",Considering a switch from Wealthsimple to Interactive Brokers. Seeking insights and experiences from users who have utilized Interactive Brokers.,True
Wealthsimple Vanguard 5/10 risk,Is the return of Wealthsimple's Vanguard 5/10 risk portfolio relevant to personal finance/investing?,True
Should I move my TFSA money from TD to WealthSimple,Is it advisable to transfer Tax-Free Savings Account (TFSA) funds from TD to WealthSimple?,True
Wealthsimple Chequing Account functioning as credit card,Is Wealthsimple's Chequing Account used as a credit card?,True
How is Wealthsimple for everyday banking?,What is the experience of using Wealthsimple for everyday banking?,True
Planning on using CASH.TO instead of Wealthsimple Cash for short-term savings,Considering using CASH.TO rather than Wealthsimple Cash for temporary savings,True
Warning for Wealthsimple Tax Pro plan users,Is there a warning specifically for Wealthsimple Tax Pro plan users?,True
Filed my 2025 taxes with Wealthsimple but didn’t get Express NOA — anyone else?,Did any user experience issues not receiving an Express Notice of Assessment (NOA) after filing their 2025 taxes through Wealthsimple?,True
UPDATE: I just fucked myself/got fucked over with Wealthsimple,Experienced Negative Experience with Wealthsimple,True
Should I use wealthsimple cash?,Is it advisable to use Wealthsimple Cash for personal investment purposes?,True
Wealthsimple finally allows CSV exports,Does Wealthsimple now support CSV exports?,True
According to Wealthsimple (and CRA) I actually owe the government money?,"Is it true, according to Wealthsimple and CRA, that an individual owes money to the Canadian government?",True
"With XGRO/VGRO, What's the point of Wealthsimple Invest anymore?",What is the purpose of continuing to use Wealthsimple Invest with investment options like XGRO and VGRO?,True
Wealthsimple Black Friday Promo?,Is there a Wealthsimple Black Friday Promotion available?,True
Is $52K a realistic retirement savings goal for someone aged 30? Today's WealthSimple newsletter said this is approx the Canadian average.,"Is a retirement savings goal of $52,000 realistic for an individual aged 30 in Canada?",True
Exchange for Japanese yen here or at ATMs in Japan with Wealthsimple cash card?,Can I exchange currency to Japanese Yen using the Wealthsimple Cash Card at their offices or ATMs in Japan?,True
Retiring soon at 65. How do I safely invest $600k to suppliment my $40k pension?,"What is a safe investment strategy for supplementing a $40k pension with a $600k lump sum, given that the investor is retiring at age 65?",True
Gen Z is investing more money than other generations,Is Gen Z investing a higher percentage of their income compared to other generations?,True
PARENTS FORGOT TO INVEST,Did parents forget to invest in their child's future?,True
Better to buy a car and pay cash $37000 or take a loan and keep investing ?,"Should an individual pay cash $37,000 for a car or take a loan and continue investing instead?",True
Millennial with very little urge to save for retirement or invest long term,"Is the individual, a millennial, displaying a low inclination towards saving for retirement and long-term investing?",True
Article: condos no longer considered a good investment,"Is purchasing a condo currently considered a poor investment, as suggested by the article?",True
"I manage my wifes investments.. i told her we would contribute semi annually, she hasnt seen her portfolio since Jan. How do i explain to her she is down $75,000 in last 6 months?","How can I effectively communicate to my wife that her investments have decreased by $75,000 over the past six months?",True
The CRA is actively looking for people who day trade investments in their TFSAs,Is the Canada Revenue Agency (CRA) actively monitoring individuals engaging in day trading within Tax-Free Savings Accounts (TFSAs)?,True
"I'm trying to understand why someone would want to buy a rental property as an investment and become a landlord. How does it make sense to take on so much risk for little reward? Even if I charge $3,000 a month, that's $36,000 annually. it would take 20 years to pay for a $720,000 house.","What are the financial benefits and potential risks of investing in rental properties, considering a scenario where a property costs $720,000 and generates an annual rent of $36,000?",True
Almost 100k Saved- Should I Buy a Condo or Continue Investing?,"Given a savings of approximately CAD 100,000, should the individual opt for purchasing a condo or continue investing?",True
Sell investment condo at $230k loss or rent out at severe negative cashflow?,Should the investor sell the condo at a $230k loss or continue to rent it out despite having a severe negative cash flow?,True
"Article: ""CPP Investments spends billions of dollars to outperform the market. The problem is, it hasn’t. CPP Investments underperformed its benchmark over the past year, the past 5 years, the past 10 years, and since the inception of active management in 2006""","Has CPP Investments outperformed its benchmark over different time periods? (Specifically: past year, past 5 years, past 10 years, and since the inception of active management in 2006)",True
"90K tax bill to CRA as self employed, invested that money and down 80%, options?","As a self-employed individual with a $90,000 tax bill to the CRA, I invested the funds but have lost 80% of it. What are my options?",True
"CPP Investments earned 3.8% in third quarter, net assets grew to $699.6 billion",What was the return percentage and the total net asset value of CPP Investments for the third quarter?,True
Borrowed from HELOC to invest and interest only payments have doubled. Not sleeping well at night. Advice needed.,"The individual has utilized a Home Equity Line of Credit (HELOC) for investment purposes, and the interest-only payments have doubled, causing sleep disturbances. Advice is required.",True
put all my life savings into Primerica investments am I cooked,Should I invest all my life savings in Primerica? Will this be a risky decision?,True
CPP Investments earned one per cent in first quarter,Did CPP Investments have a return of 1% in the first quarter?,True
32M - $800k Saved/Invested - Quit Stressful Job?,"Has an individual with a savings/investment of $800,000 decided to leave a stressful job after accumulating a total wealth of $32 million?",True
"all my investments are down in free fall, is it the case for everybody these days or am I doing something wrong ?","Is the current market downturn affecting all investors equally, or could there be personal errors contributing to my losses?",True
Should I stop contributing to investments and coast?,Should I halt further investment contributions and rely on existing investments for returns?,True
"Leasing a new car and I ""have"" to have a meeting about ""protecting my investment"" before picking up. What garbage are they going to throw at me?",What additional costs or services might be offered during a meeting regarding protecting an investment when leasing a new car?,True
I invested with World Financial Group and I wish I hadn't,Did you have a regrettable investment experience with World Financial Group?,True
Ontario investing $10.9 billion in new energy rebate program,Is there a planned investment of $10.9 billion by Ontario for a new energy rebate program?,True
"I Feel Stupid For Asking This, How to Start Investing?",How can I start investing in Canada?,True
Is it stupid to withdraw money from investments to make ends meet until I get a new job?,Should an individual consider withdrawing funds from investments as a means of meeting financial needs until securing a new job?,True
What would you do? Pay off mortgage or invest $450k inheritance?,"Should an individual use a $450,000 inheritance to pay off their mortgage or invest it instead?",True
Living rent free with 130K saved - keep investing or buy a a home?,"Should an individual continue investing with $130,000 in savings or use the savings to purchase a home instead, considering they are currently living rent-free?",True
30 year old; $210k invested,"Age: 30, Investment Amount: $210,000",True
"Driving a clunker , is it waste of money to invest on it vs buying new car?","Is it financially wiser to invest money in repairing an old, unreliable vehicle (often referred to as a 'clunker'), or to purchase a new one instead?",True
Where should I invest right now? I have just inherited $500 000. If it stays in the bank I lose money to inflation. An investment portfolio will cost me up to $15 000 in fees every year. I am 58 so I want low risk and low fees. Any suggestions?,"Given a inheritance of $500,000 at age 58 with a preference for low-risk, low-fee investments, what investment options could be suitable that take into account annual fees up to $15,000 and potential inflation loss if left in the bank?",True
Do I really need an emergency fund if I can just sell investments?,Is it necessary to have an emergency fund if one can liquidate investments instead?,True
"PSA: Turbotax no longer allows you to report investment income for free, and will trick you into paying","Does TurboTax no longer allow reporting of investment income for free, potentially misleading users into paying?",True
CPP for 40 years vs investing yourself.,Comparing Canada Pension Plan (CPP) benefits over 40 years to self-investment,True
Is an emergency fund still necessary if you have sufficiently large investment portfolio?,Is it still necessary to have an emergency fund when one has a substantial investment portfolio?,True
I think we all need this reminder right now. “What if You Only Invested at Market Peaks?”,What are the consequences of only investing at market peaks?,True
"Quebec pension fund manager Caisse loses $33.6-billion in first half of 2022 (7.9%), including a US$150-million wipeout in a major cryptocurrency investment.","What was the return and significant losses of Caisse, a Quebec pension fund manager, for the first half of 2022, specifically focusing on the overall return and the loss incurred in a major cryptocurrency investment?",True
I'm stupid to invest in CASH.TO over paying extra towards a 4% mortgage right?,Should I invest in CASH.TO instead of using extra funds for a 4% mortgage payment?,True
This is why you don’t invest your emergency funds,Why shouldn't one invest their emergency funds?,True
What are smart things to invest/buy during our recession?,Which investment options are strategically beneficial during a recession in Canada?,True
"Mutual funds with one of the big 5 but their fee is 2% , should I get out of it, and invest somewhere else?",Should an investor consider exiting a mutual fund managed by one of the Big 5 with a 2% fee and investigate alternative investment opportunities?,True
Proposed Republican tax change would lead to spike in costs for Canadians who invest in U.S. securities,Will a proposed Republican tax change result in increased costs for Canadians investing in U.S. securities?,True
Girlfriend parents wants to help us buy a condo by putting up 50% of our downpayment as an investment in the property. How will this affect us ?,How will it affect the individuals if the girlfriend's parents invest 50% of the down payment for a condo purchase?,True
Was investing in VEQT a good decision?,Was it a sound investment decision to invest in the VEQT ETF?,True
How many people that self invest are actually succesful?,What percentage of individuals who self-invest in Canada are successful?,True
Can I just invest in GICs for 30 years?,Is it possible to invest in Guaranteed Investment Certificates (GICs) for a duration of 30 years?,True
Should I buy a condo or just keep renting and investing ?,Is it advisable to purchase a condo instead of continuing to rent and invest?,True
"Importance of stay invested, in something",What is the importance of maintaining a long-term investment strategy?,True
How much does the average Canadian have invested?,What is the average investment held by a typical Canadian individual?,True
Funny (Sad actually) story my friend just told me about his experience investing with the bank,Has your friend shared a personal anecdote about their investment experience with a bank?,True
PSA: RBC is currently offering a MacBook Air or iPad Pro (1400 dollar value) if you open a chequing account with them and also transfer in 50k to an eligible investment account.,"Is there a promotion by RBC that provides a MacBook Air or iPad Pro (a total value of $1400) upon opening a checking account and transferring $50,000 into an eligible investment account?",True
"When people invest in gold, are they buying physical gold bars or are they buying something else? If someone wants to cash out their physical gold, how liquid is it really? Are there tax implications?","Is the investment in gold a purchase of physical gold bars or something else? If someone wishes to redeem their physical gold, what is its real liquidity? Are there tax implications associated with it?",True
"COVID-19's Economic Impact in Canada: a collection of stats on jobs losses, investment returns, consumer confidence, interest rates, housing, and future forecasts","What are the statistics regarding job losses, investment returns, consumer confidence, interest rates, housing market trends, and future forecasts due to COVID-19's economic impact in Canada?",True
"Almost got scammed by a MLM , Someone tell me how do I actually invest my money.",How does one effectively invest personal funds in legitimate investment opportunities?,True
"Parents used my bank account for investment, I now have an investment income of 386k","As a result of parents using my bank account for investment, I currently have an investment income of CAD 386,000.",True
Talk to me like I’m 10 years old - I have $8k to invest and know nothing,"As a 10-year-old, you have $8,000 saved up for investing and don't know anything about it. What should you learn to make the best decisions?",True
"One of those ""Should we just use our investments to pay off our mortgage"" questions.",Should we use our investments to pay off our mortgage?,True
"""There have been thousands of real estate investors buying negative cash flow properties, specifically condo investments where their monthly costs far exceed their monthly income on those properties and that is a very real source of concern""","Are there many real estate investors purchasing properties with negative cash flow, particularly focusing on condo investments, where the monthly expenses surpass the monthly income, posing a significant concern?",True
"TFSAs, RRSPs and more could see changes in allowed investments","Will there be potential changes to the investment options available for Tax-Free Savings Accounts (TFSA), Registered Retirement Savings Plans (RRSP) and other similar retirement accounts in Canada?",True
"Has anyone ever regretted paying their mortgage off early, rather than invest the funds?",Has anyone ever expressed regret for prepaying a mortgage and investing the saved funds elsewhere instead?,True
"Here's how my family of 3 are able to save close to 2k per month, have a healthy investment account, still enjoy vacations and outings, all on 90k gross per year. Full breakdown.","What is the detailed breakdown of how a family of three saves approximately $2000 per month, maintains a healthy investment account, and affords vacations and outings with an annual gross income of $90,000?",True
"Anyone here abandon plans to buy property, to begin investing for retirement instead?",Has anyone switched their plans from buying property to investing for retirement instead in Canada?,True
Anyone quit investing in the stock market lately and paying down mortgage instead? Anyone spooked like me? It might take quite a few years for the market to go back up..,Has anyone stopped investing in the stock market recently and started paying off their mortgage instead due to concerns about the market recovery taking several years?,True
Should I use my investments to pay down my mortgage?,Is it advisable to utilize investments for mortgage repayment?,True
TD Direct Investing 2% Registered and 1% for Non-Registered Transfers,Is there a difference in the transfer fees for TD Direct Investing between Registered (2%) and Non-Registered (1%) accounts?,True
I'm saving 4'000$ a month - how should I invest this?,"How should I invest $4,000 saved per month?",True
Do you use a wealth manager to manage your investment portfolio? Why or why not?,"Is a wealth manager used for managing your investment portfolio, and if so, what is the reason? Or, if not, what is the reason?",True
Rob Carrick: Eight lessons learned in 27 years of covering personal finance and investing,What are the eight lessons learned by Rob Carrick after 27 years of covering personal finance and investing?,True
Rbc has insane fees in self- directed investing,Does RBC have high fees for self-directed investing?,True
Spend 30k a year on child's education or save and invest it?,"Should a parent spend $30,000 per year on their child's education, or save and invest the money instead?",True
It's a little depressing investing for the future aka 20-30 years,Is it demotivating to invest for the long term (20-30 years)?,True
Why do people employ wealth advisors rather than just investing on S&amp;P500?,Why do individuals seek the services of wealth advisors instead of directly investing in the S&P 500?,True
TD Direct Investing 2% Match Promo Extension,Is there an extension of the TD Direct Investing 2% Match Promo?,True
Should I switch to aggressive investing to make up for retirement?,Is it advisable to transition to an aggressive investment strategy to compensate for retirement savings?,True
It's hard not to feel FOMO on real estate investing in Canada.,Is it difficult not to experience a fear of missing out (FOMO) when considering real estate investment opportunities in Canada?,True
Condo a bad investment??,Is investing in a condo a poor choice?,True
High net worth and willing to use low interest debt to invest. Mortgage or heloc?,High net worth and willing to use low interest debt to invest. Mortgage or heloc?,True
"Tax advantaged accounts are maxed, pay off mortgage or invest in taxable account?",Should I use funds from a paid-off mortgage to invest in a taxable account if my tax-advantaged accounts are already maximized?,True
"Saved all my life, but still feel behind — how do I make sense of investing now?",How can an individual with savings throughout their life effectively navigate investment strategies given current financial circumstances?,True
Invest in house renos vs. save as much as possible,Should I invest in home renovations or save as much as possible?,True
What am I missing with the common investment strategy?,What elements are often overlooked in a typical investment strategy?,True
Time to get out of my crypto investments?,Should I sell my cryptocurrency investments?,True
Investing inheritance or paying off some of my mortgage,Should I invest an inherited sum or use it to pay off a portion of my mortgage?,True
Family member received 15 million dollars. How would you invest this?,"What investment strategies would be suitable for a family member who has received $15,000,000?",True
Should I invest now?,Is it advisable to make an investment at this current time in the Canadian market?,True
Borrowing to invest,Should one borrow money to invest in Canada?,True
Anyone else intentionally making their 'emergency fund' egg larger and holding off on contributing to investments due to COVID &amp; uncertainty of job market?,Is anyone deliberately growing their 'emergency fund' beyond its typical size and postponing investment contributions due to the COVID-19 pandemic and uncertainties in the job market?,True
Getting a loan and living off of that instead of selling of stocks to avoid taxes?,Is it advisable to obtain a loan to live on instead of selling stocks to avoid capital gains tax?,True
"Canadian telecoms boost wireless prices, giving lift to sagging stocks","Have Canadian telecommunication companies increased their wireless prices, potentially improving the performance of their struggling stocks?",True
Should I sell at a loss? I have three stocks... two weed and one banking stock... all are down... total portfolio is down 86% with $14000 put in ...,"Is it advisable to sell at a loss, given that the investor's portfolio consisting of three investments (two in the cannabis sector and one in banking) is currently down by 86% with an initial investment of $14000?",True
So I am 36 and have stayed out of the stock market my whole adult life...,"At age 36, an individual has not invested in the stock market throughout their adult life. Is it relevant to personal finance/investing whether they should consider starting now?",True
"I'm a Canadian and hold many USA stocks in my portfolio. If I still have them in my portfolio when I die, will my estate owe anything to IRA after my death?",Is there any obligation for a Canadian estate to pay to an IRA (Individual Retirement Account) following the death of a Canadian individual who held US stocks in their portfolio?,True
Rational Reminder Podcast guest in today's episode suggests that younger people should allocate less of their assets to stocks (10%) than older people (50%),"What is the recommended asset allocation for younger individuals versus older individuals, according to the Rational Reminder Podcast guest?",True
"Got my first adult job money and dumped them into the stock market, can I hold these long term?",Can a person who recently received their first adult salary and invested it in the stock market keep these investments long-term?,True
How many people are unaware of EI?,What percentage of Canadians are not aware of Employment Insurance (EI)?,True
With stock market dropping and inflation who’s paying down their mortgage or other debts more aggressively,Which individuals are more actively reducing their mortgages and other debts given the context of a declining stock market and rising inflation?,True
Retiring at 60....liberation tariffs and stock market vulnerability...,What is the impact of liberation tariffs and stock market vulnerability on retirement planning for individuals retiring at age 60?,True
The Risk of (Individual) Stocks - Ben Felix,"What is the risk associated with individual stocks, as discussed by Ben Felix?",True
Sell stocks to pay down mortgage,Should I sell stocks to pay off my mortgage?,True
Should I invest in condo or stocks?,Is it advisable to invest in condos or stocks?,True
Sell stocks to buy house with cash ?,Can an individual sell stocks to purchase a house using cash?,True
Can an active Canadian stock trader incorporate to get the small businesses deduction?,Is it possible for an active Canadian stock trader to incorporate and qualify for the Small Business Deduction?,True
Is anyone selling in anticipation of the stock markets tanking due to the war?,Is there an increase in sell orders due to concerns about the stock market dropping as a result of the ongoing war?,True
"Can't afford to exercise my stock options, and extending the subscription period is even worse.",Is there a financial strategy for individuals who cannot afford to exercise their stock options and would like to avoid extending the subscription period?,True
Liquidated my stock portfolio -- what do I do now?,What should I do after liquidating my stock portfolio in Canada?,True
Help! Dad wants to trade stocks under my TFSA...,Can a parent trade stocks within their child's Tax-Free Savings Account (TFSA)?,True
Where would you put $350 a week with the stock market doing all these wacky things.,"In the context of volatile stock markets, where should I invest $350 per week?",True
Son wants to try buying stocks.... asking advice,A son is interested in trying to purchase stocks. He is seeking advice.,True
What percentage of my portfolio should I aim to invest in more volatile stocks rather than the S&amp;P500 and its variants,"What is the appropriate percentage of a portfolio to invest in more volatile stocks, compared to the S&P 500 and its variations?",True
"Invested in Individual Stock, Did Well, Now What?",For Canadian Retail Investment Research Study: What should an individual do after having a successful investment in a single stock?,True
"Does the Canada Revenue Agency have tools that can automatically and systematically detect whether seniors receiving OAS and GIS are concealing retirement incomes from other countries, as well as incomes from rental properties, stocks, and other sources?","Does the Canada Revenue Agency (CRA) have tools for automated and systematic detection of undeclared retirement incomes from foreign countries, rental properties, stocks, and other sources among seniors receiving Old Age Security (OAS) and Guaranteed Income Supplement (GIS)?",True
How much % of my salary should go into company stocks,What percentage of one's salary should be allocated to company stocks for investment?,True
US stocks reporting of foreign assets,Reporting of Foreign Assets by US Stocks,True
Worthless stock and taxes,Is a worthless stock subject to tax in Canada?,True
"Buying a condo in Calgary will force me to sell stocks at a loss for down payment, any alternatives?",What are the alternatives when needing to sell stocks at a loss due to purchasing a condo in Calgary and requiring a down payment?,True
What happens to stocks in a single person's rrsp after death?,What is the fate of individual stocks held within an RRSP upon death?,True
Someome asked me today what the point of a savings account is in canada and I couldn't answer them,What is the purpose of a savings account in Canada?,True
Found some old paper Bombardier stock certificate,What should be done with an old paper Bombardier stock certificate?,True
Did you invest in stocks while saving for a house?,Have you invested in stocks as part of your savings for purchasing a house?,True
Which stock trading platform is best for US and Canadian stocks?,What is the recommended stock trading platform for trading both US and Canadian stocks?,True
What Bank/Service do you use to buy stocks? (Actual stocks not funds),"Which financial institution or service do you utilize for purchasing individual stocks, as opposed to mutual funds?",True
Put downpayment in stock market..do we cut our losses?,Should a down payment be invested in the stock market to minimize potential losses?,True
17 about to inherit a lot of money,The individual is about to inherit a significant amount of money.,True
"I’m 19 trying to save for a house in Windsor soon, what stocks should i buy or should I just put it in a HISA??","At age 19, planning to save for a house in Windsor, should I invest in stocks or deposit the funds in a High-Interest Savings Account (HISA)??",True
Am I screwing myself over by buying stocks in a non-registered account weekly?,Is it detrimental to my financial situation to invest in stocks on a weekly basis through a non-registered account?,True
I wanna start buying stocks,I want to start investing in stocks (Canadian context),True
Transferring stocks from non-registered account into a TFSA,Transferring Stocks from a Non-Registered Account to a Tax-Free Savings Account (TFSA),True
Using Euros and buying European stocks with a Canadian Brokerage?,Can a Canadian investor purchase European stocks using euros through a Canadian brokerage?,True
Should I sell stocks and pay off mortgage?,Is it advisable to sell stocks and use the proceeds to pay off a mortgage?,True
"Just making sure - Smith Maneuver requires buying dividend paying stocks, right?",Does the Smith Maneuver involve purchasing dividend-paying stocks?,True
Pay off mortgage or save in stock market?,Should I use extra funds to pay off my mortgage faster or invest them in the stock market?,True
Bought Same Stock with Two Different Brokerages in 2024 ... but didn't average ACB.  Re-file taxes?,"Did an individual who purchased the same stock using two different brokerages in 2024, yet did not average the adjusted cost base (ACB), need to re-file taxes?",True
"""Why You Shouldn’t Pick Individual Stocks"" — Of Dollars And Data",Should individual stocks be avoided for investment?,True
Tracking ACB for individual stocks,Is it possible to track Adjusted Cost Base (ACB) for individual stocks within the context of Canadian retail investment?,True
How to learn the stock market?,What are the methods to educate oneself about the stock market?,True
Employee stock purchase opportunity,Employee Stock Purchase Opportunity: What are the key factors to consider when evaluating an employee stock purchase program?,True
Is it possible to save for retirement without investing in stock markets?,Can an individual save for retirement without investing in the stock market?,True
"If you had 100k in your early twenties, are you investing in real estate or stocks/equities?","Would a hypothetical individual with CAD 100,000 in their early twenties choose to invest in real estate or stocks/equities?",True
Im 15 and interested in the stock market,At what age can a person in Canada begin investing in the stock market?,True
Hedging against potential US stock market crash,Is there a strategy for hedging against a potential U.S. stock market crash within the context of Canadian retail investing?,True
Employee Stock Purchase Plan Question ESPP + donating stocks,Is it possible to participate in an Employee Stock Purchase Plan (ESPP) and donate the acquired stocks to a charity?,True
Old stock certificates - how to find if they’re worth anything?,Determining the value of old stock certificates,True
"$120K in Debt, Please Advise",What advice can be given for managing $120K debt?,True
"Before you sink your savings into this stock market dip, think about a few things.",Consider the following factors before investing during a stock market dip:,True
Buying stock on the London Stock Exchange on a Canadian platform. Help!?,Can one purchase stocks listed on the London Stock Exchange through a Canadian investment platform?,True
Is it good idea to use FHSA as investment account in stocks?,Should a Federal Home Savings Account (FHSA) be used for stock investments?,True
Upgrade of primary residence vs investing in stocks,Should I upgrade my primary residence or invest in stocks?,True
Sell stock before year end for tax free capital gains?,Can stocks be sold before the end of a year to qualify for tax-free capital gains in Canada?,True
using stock growth for mortgage payments,Using Stock Dividends for Mortgage Payments,True
Why don't we ever come across people in real life who are renting and investing the difference in the stock market?,Why aren't there individuals investing the difference between rental income and mortgage payments in the stock market in real life?,True
"What to invest $20,000 in other than stocks or GICs?","Which investment options are available for $20,000, excluding stocks and Guaranteed Investment Certificates (GICs) within the Canadian market?",True
how do you report capital gain or loss for stock trades?,How should capital gains or losses from stock trades be reported?,True
Best app to invest in US stocks without being charged conversion fee?,What is the best investment app for buying US stocks without incurring conversion fees?,True
TFSA with stocks where value increases,"Is it possible to have a Tax-Free Savings Account (TFSA) invested in stocks, resulting in an increase in value?",True
What are some good reasons for when an investor should buy individual stocks as opposed to investing in a passive global index ETF?,When is it advisable for an investor to purchase individual stocks instead of investing in a Passive Global Index ETF?,True
"Finance car or sell stocks, pay cash?",Should I finance a car using cash saved from selling stocks or keep the stocks?,True
Foreign Stock Question on Tax Return,Is there a specific question related to foreign stock investments on a Canadian tax return?,True
buying stocks on wealth simple? VS life insurance from equity life,Comparing buying stocks on Wealth Simple vs. purchasing life insurance from Equity Life,True
How do you get over the fear of losing all of your retirement money in the stock market?,How can one overcome the fear of losing their entire retirement savings in the stock market?,True
ELI5 TD stock lending,Explain TD Stock Lending in layman's terms,True
Doing your taxes and declaring capital gains or losses with Stocks,How should one declare capital gains or losses from stocks during tax filing in Canada?,True
Tips on crystallizing capital gains investments in stocks,Strategies for realizing capital gains from stock investments,True
Selling stock in TFSA,Is it permissible to sell stock within a Tax-Free Savings Account (TFSA) in Canada?,True
When to sell underperforming stock?,Under what circumstances should one consider selling an underperforming stock in the context of Canadian retail investment?,True
Better stock for Norbert's Gambit?,Is it more advantageous to invest in one specific stock using Norbert's Gambit?,True
Margin interest for purchase of non-income stock purchases...,Is it possible to determine the margin interest rate for non-dividend-paying stock purchases in a Canadian retail investment context?,True
Stock exchange wuestion,Stock Exchange Question: Which Canadian stock exchange has the highest volume of trades on an average day?,True
Anyone else doubt the rhetoric of getting 5-8% per year in a stocks/bonds portfolio?,Is there doubt about achieving a return of 5-8% per year from a stocks and bonds portfolio?,True
Is this adage relevant in today's times: 100 minus your age is the percent you should have invested in stocks?,Is the adage '100 minus your age equals the percentage you should have invested in stocks' still relevant in today's times?,True
"Wealthsimple keeps offering Stock Lending to ""boost my income""",Is Wealthsimple's Stock Lending program effective in boosting income?,True
Sold nvidia stocks last year and now I have to pay  over $5.5k in tax.  Any thoughts?,"What are potential thoughts on a situation where an individual sold NVIDIA stocks last year and now faces a tax liability exceeding $5,500?",True
"Canadian investor – best platform for buying international stocks (Tokyo, London, etc.)?",Which is the best Canadian investment platform for purchasing international stocks listed in exchanges like Tokyo Stock Exchange and London Stock Exchange?,True
Tracking a stock's performance after moving from QT to WS,Investigating the stock performance following its transition from Quarterly Tender (QT) to Weekly Settlement (WS),True
"Is it just me, or is 65 way too late to retire??",Is 65 considered too late for retirement from a personal finance perspective?,True
Early retirement at 49? 2.3m net worth,"Is it possible to retire early (at age 49) given a net worth of $2,300,000 in the context of Canadian retail investment and personal finance?",True
Will trading one or two stocks a day in non-reg accounts be a huge burden at tax time?,Is trading one or two stocks daily in non-registered accounts likely to result in a significant tax burden?,True
Why do people worry so much about retirement savings in Canada?,What are the reasons for concern regarding retirement savings among Canadians?,True
Retirement on 1 Million Canadian,What retirement lifestyle can be expected with a savings of 1 Million Canadian Dollars?,True
Dave Ramsey suggests saving 15% of GROSS income for retirement. Given Canada's high taxes and integrated CPP - is this even relevant?,"Is Dave Ramsey's recommendation of saving 15% of gross income for retirement still relevant in Canada, considering the country's high taxes and integrated Canada Pension Plan (CPP) system?",True
Why 70% of income for retirement?,What is the rationale behind saving 70% of one's income for retirement?,True
"Unpopular opinion: if you are relying on your home to be your retirement package, that is poor financial planning.",Is it poor financial planning to rely heavily on one's home as a primary source of income during retirement?,True
Poor millionaire homeowners: Retirement with lots of home equity and not enough savings,Millionaire homeowners struggling in retirement due to insufficient savings despite substantial home equity,True
Are Canadians retiring with little more common than we thought?,Is it more common than previously thought for Canadians to retire with little savings?,True
Downside of early retirement,What are the potential disadvantages or drawbacks of retiring early in Canada?,True
Dave Ramsey always recommends paying the mortgage off before saving anything more than 15% for retirement. Is this sound?,Is Dave Ramsey's recommendation of paying off the mortgage before saving more than 15% for retirement financially sound?,True
"21M, my mom (60) has no retirement savings. I'm her retirement plan now and feeling overwhelmed. Please, I need your advice.","The user, who is 21 years old, is providing financial support to their 60-year-old mother who has no retirement savings. The user feels overwhelmed and seeks advice on managing this situation.",True
Things I wish I knew before retiring,Factors known prior to retirement that individuals would have found beneficial,True
PSA: None of us are guaranteed to live a long life after retirement. Enjoy within reason while you can.,"Is it advisable to spend within reason during retirement, considering the unpredictability of lifespan?",True
When to retire and spend rrsps,At what age should one retire and start spending RRSP savings?,True
What happens to those in Canada who don't save for retirement?,What are the consequences for individuals in Canada who do not save for retirement?,True
Young and Retired - they’re scrimping and saving their way into retiring decades before the average Canadian,What strategies are young and retired individuals adopting to retire decades earlier than the average Canadian?,True
Is Retiring at 30 with $700k in the S&amp;P 500 and the 4% Rule a Dumb Idea?,"Is retiring at 30 with CAD 700,000 in the S&P 500 and applying the 4% rule a wise financial decision?",True
My parents (50F &amp; 60M) are drowning in debt and expect me (23M) to be their retirement plan,"Parents (age 50F, 60M) heavily indebted, expecting child (age 23M) to fund their retirement",True
Laid off - 2 years mini retirement?,Have you been laid off for two years and considering a mini-retirement?,True
“You don’t need 100k/yr when you retire”,"Is it necessary to earn $100,000 per year during retirement?",True
How many of you actually expect to have a higher income in retirement than while you work?,Do respondents anticipate having a higher income during retirement compared to their working years?,True
"People With Parents Who Are, Or Will Be Broke At Retirement, What Is Your Plan?","For individuals whose parents will be financially struggling at retirement, what is their planned approach?",True
"At 70 Years Old and Retired, how would you stretch out $150,000?","How can a retired individual aged 70 effectively manage and distribute $150,000 for prolonged financial support?",True
Only 10K in retirement. How much do I need to worry given I own a home and have a pension?,"What are the investment concerns for an individual with only CAD 10,000 in retirement, who owns a home and has a pension?",True
Do you count CPP and Pension contributions as part of your 20% retirement savings? Young Canadian.,Does a young Canadian individual include Canada Pension Plan (CPP) and pension contributions in their 20% retirement savings goal?,True
How much would you need to win from the lottery in order to comfortably retire in your 30s?,How much would you need to win from the lottery in order to comfortably retire in your 30s?,True
What is it like to retire without owning a home?,What is the experience of retirement for individuals who do not own a home?,True
30ish year olds of Reddit. What’s your retirement plan?,"What is the retirement plan for individuals aged approximately 30 years old, as discussed on Reddit?",True
My parents are nearing retirement with 3 properties and a possible $300K loss — what should they do? (long post),What financial strategies should retired or near-retired individuals consider when facing a potential $300K loss from their real estate portfolio?,True
"What do you need to retire? (aka: ""I used to think a million bucks was a lot"")",What financial resources are required for retirement? (Reference: 'I used to think a million bucks was a lot'),True
"Mortgage paid off, wife wants a bigger house, I want to save for retirement.",Wife desires a larger home while individual prefers saving for retirement after mortgage has been paid off.,True
Service Canada now has a pretty comprehensive Retirement Hub to help plan and manage your retirement.,Is the Service Canada Retirement Hub useful for personal finance/investing research related to planning and managing retirement?,True
"""51% of Canadians retire on less than $15k per year. Only 3% retire on $60k or more."" Is this actually true? If not what are the actual numbers? Are part of the 51%?","What is the percentage of Canadians retiring with an annual income less than $15,000 and those retiring with $60,000 or more, and are these figures accurate? If not, what are the actual percentages and does this include me (the respondent) in the 51% group?",True
"Ben Felix Article: CPP is one of the best retirement assets money can buy, despite what the skeptics say","Is Canada Pension Plan (CPP) one of the best retirement assets, regardless of skeptic opinions, according to Ben Felix's article?",True
"BMO survey indicates Canadians think they need $1.7m to retire, 20% more than 2 years ago","What is the current estimated retirement savings needed by Canadians according to a BMO survey, and how does it compare to the figure from 2 years ago?",True
How much of your own retirement savings do you really need?,What is the required percentage of personal retirement savings for a Canadian individual?,True
Will Canada Pension Plan (CPP) Still Be There When You Retire? (Ben Felix),Is it guaranteed that the Canada Pension Plan (CPP) will exist at the time of retirement?,True
100k for retirement,What strategies should I consider when investing 100k for retirement in Canada?,True
Are Canadians too reliant on home equity as a “retirement plan”? And ROI on your house?,"Is there excessive reliance among Canadians on home equity for retirement planning?, What is the Return on Investment (ROI) on a house?",True
Work pension + CCP + OAS = ~$52k: set for retirement?,"What is the evaluation of a retiree's financial situation given a total annual income of approximately $52k from work pension, Canada Pension Plan (CCP), and Old Age Security (OAS)?",True
Laid off but ROE says “quit/voluntary retirement”,"The individual was laid off, but the Return on Equity (ROE) states 'quit' or 'voluntary retirement'. Is it common for this discrepancy to occur?",True
How Big of Impact to Employment Rate have the Boomers retiring caused,What is the impact on the employment rate due to Baby Boomers retiring?,True
Am I just screwed for retirement.,Is my situation disadvantageous for retirement planning?,True
"with quality of life MAYBE getting you to your mid 60s, why don't more people emphasize on living life BEFORE retirement ?",Why don't more people prioritize living life before retirement given a potential quality of life only up to the mid-60s?,True
Parents Retirement will be difficult,Will it be difficult for parents to retire?,True
My dad is 55 &amp; doesn't have enough to retire,Is the individual (dad) aged 55 lacking sufficient funds for retirement?,True
"With the enhanced CPP, you may not need to save much for retirement","Is it accurate that with enhanced CPP (Canada Pension Plan), individuals may require less savings for retirement?",True
Spouse wants us to save more for retirement and get a financial advisor but we only make $53K,"Can a household earning $53,000 annually consider hiring a financial advisor to optimize retirement savings?",True
Retirement savings while supporting wealthy parents,How can an individual manage retirement savings while providing financial support to their wealthy parents?,True
Is Downsizing in Retirement Dead? At least for Millennials on down?,Is Downsizing in Retirement Relevant for Millennials?,True
Young Canadians Taking mini Retirement Breaks for Travel and Hobbies,Do young Canadians often take mini retirement breaks for travel and hobbies?,True
"CPP is one of the best retirement assets money can buy, despite what the skeptics say","Is CPP (Canada Pension Plan) considered one of the top retirement assets in Canada, regardless of skeptic views?",True
Am I going to be okay in my retirement?,Will the individual be financially secure during their retirement?,True
Can I retire at 55?,Is it possible to retire at age 55 in Canada given personal financial circumstances and investment strategies?,True
Parent Did Not Save For Retirement And May Lose A Limb,Is the parent unable to save for retirement and at risk of losing a limb?,True
The importance of retirement planning,What is the significance of retirement planning in personal finance?,True
Retiring soon and realizing that I don't really understand my decumulation phase. Slightly panicking.,"What is the decumulation phase in retirement and how should it be managed, given a person is retiring soon and feeling anxious about it?",True
What happens to people who do not save for retirement? They clearly are not starving and homeless so something works out for them.,What are the consequences for individuals who do not save for retirement?,True
How to help 70-year-old parents who literally have zero dollars saved and want to retire?,What strategies can be employed to assist a 70-year-old individual with no savings aiming to retire?,True
"Could you semi-retire with $380 000 in the bank, no mortgage and a passive income of an average of $1500/month?","Is it feasible to achieve semi-retirement status with a savings account balance of $380,000, no mortgage, and a monthly passive income of $1,500?",True
Has anyone moved abroad to earn (way) more money and moved back to Canada in their 40s to retire? Love to hear from you on anything you can share! Thanks!,"Has any individual migrated abroad to earn significantly more money, returned to Canada in their 40s for retirement, and is willing to share their experiences or insights about this transition?",True
Retire at age 49?,Is it feasible to retire at the age of 49?,True
"How would you approach retirement saving, knowing inheritance is going to be 2-3x anything you’ll manage to save?","What strategy should one adopt for retirement savings, considering an expected inheritance that is approximately 2-3 times the amount they can save?",True
15% of salary for retirement,"What percentage of a salary should be saved for retirement? (Specifically, in this case, it's 15%)",True
How do older divorced stay at homes mom retire?,"What financial strategies do older, divorced stay-at-home moms use for retirement planning?",True
Why do I need over a million dollars to retire?,What is the required amount of money for retirement in Canada?,True
"Retirement Saving for $90,000/year earnings","What is the appropriate retirement savings plan for an individual earning $90,000 per year?",True
"""Life happened, and now he’s starting to save for retirement at 57"" — G&amp;M","At what age is the individual beginning to save for retirement, as reported by G&M?",True
My elderly retired mother received a pension wind up letter from her employer she's drawing pension funds from. What does this mean?,What does it mean when an elderly retiree receives a pension wind-up letter from their employer?,True
First generation parents and their retirement,Retirement considerations for first-generation parents,True
Planning for retirement - Buying a rental property vs maxing out RRSPs,"Should I invest in a rental property for retirement planning, or maximize contributions to my Registered Retirement Savings Plan (RRSP)?",True
Do you have anxiety about never being able to afford retire?,Does the respondent experience anxiety about not having sufficient funds for retirement?,True
Retired before 60... any reason NOT to partial transfer RRSPs to RRIFs and withdraw from that every year?,Is there a reason not to partially transfer RRSPs to RRIFs and make annual withdrawals if an individual has retired before the age of 60?,True
Is it actually possible to collect GIS with 7 figures and a paid off house in retirement? Did I just grossly misunderstand my Financial Planner?,"Can an individual accumulate CAD $10,000,000 (seven figures) in Guaranteed Income Streams (GIS) and own a paid-off house in retirement? Did the financial planner provide incorrect advice?",True
Money Market Fund as I prepare to retire?,Is a Money Market Fund suitable for investment when preparing for retirement?,True
Can I retire at 60 at my current situation?,Is it possible to retire at 60 with the current financial situation?,True
Will you reduce or eliminate your retirement savings with the enhanced CPP ?,Does the enhanced CPP lead to a reduction or elimination of retirement savings?,True
Parents retiring in 6 months with only 100k in savings and 11k/month in expenses. How to handle this as a 20 year old in university?,"As a 20-year-old in university, how should I advise on managing finances for parents who are retiring in 6 months with savings of 100k and monthly expenses of 11k?",True
CPP Question for Very Early Retirement,Is it possible to retire early while considering CPP (Canada Pension Plan) benefits?,True
[Financial Post] Canadians finding retirement is not all it's cracked up to be: survey,"Is the experience of retirement in Canada different from expectations, as suggested by a survey?",True
Evaluating whether to purchase health insurance in retirement,Should one consider purchasing health insurance during retirement?,True
Parents may not be set up properly to retire.,Is it possible that parents are not adequately prepared for retirement?,True
"CBC: ""1 in 5 working Canadians now nearing retirement: census"" - What does this mean for the rest of us?",What are the implications for the general population as one fifth of working Canadians approach retirement age according to the census data?,True
Huge conditional gift from risk averse parents,Parents with risk-averse nature are planning to give a significant gift. How might this impact the financial planning and investment strategies of the recipient?,True
Wife is switching from full time to a casual nursing position. At risk of losing close to 200 hours of sick time. Any suggestions?,What are potential suggestions for managing the loss of approximately 200 hours of sick time due to a wife transitioning from full-time to a casual nursing position in Canada?,True
Risks of 6-12 month career break,What are the risks associated with a 6-12 month career break in terms of personal finance and investing?,True
"Bmo cancelled credit card no notice, risk of offset?","Did BMO cancel a credit card without notice, and if so, is there a risk of offset?",True
What are the risks of Cash.to,What are the risks associated with investing in Cash.to?,True
More property risk shifting from condo corps to owners,Is there a trend of increased property risk being transferred from condominium corporations to individual owners?,True
Help me decide: RBC (3.55%) vs. Pine (3.35%) + $2k Cashback. Risk of losing my approval?,"Should I choose between RBC offering a return of 3.55% and Pine offering a return of 3.35% with a $2k cashback, considering the potential risk of losing approval?",True
"Signed mortgage commitment with a smaller bank on June 20. This morning, they stated “our file does not fit their risk appetite”",Was there a change in the lender's risk appetite for the mortgage commitment signed on June 20th?,True
Mid 30's finally able to save 1k a month. Best way to invest for low to medium risk investments long term?,What are the best low to medium risk investment options for an individual in their mid-30s who saves $1000 per month for long-term purposes?,True
My husband is inveting high risk only in Wealth Simple with a robo adivisor. He doesn't know anything about investment and just rely on a robo advisor. What do you think about that?,"What are your thoughts on an individual relying solely on a robo-advisor for high-risk investments on Wealth Simple, given that the individual lacks investment knowledge?",True
Risk of taking a sabbatical,Is there a financial risk associated with taking a sabbatical leave?,True
When did you decide to lower your risk?,At what point did you make the decision to reduce your investment risk level?,True
"File your 2020 taxes or risk waiting up to two months to receive any COVID-19 financial aid, warns the CRA",Is there a deadline for filing 2020 taxes in Canada to avoid waiting up to two months for COVID-19 financial aid?,True
Would I risk any tax issues with the CRA by selling old crypto and then cashing out?,Is there a potential for tax issues with the Canada Revenue Agency (CRA) when selling old cryptocurrency and subsequently cashing out?,True
"Risks of holding CASH.TO , now that the Office of the Superintendent of Financial Institutions is reviewing it","What are the risks associated with investing in CASH.TO, given that the Office of the Superintendent of Financial Institutions is currently reviewing it?",True
"Does keeping my ""emergency fund"" in a margin account to reduce interest make sense? Any overlooked risk?","Is it sensible to hold an emergency fund within a margin account to minimize interest costs, and are there any potential risks overlooking?",True
Risks if buying luxury car,What are the financial risks associated with purchasing a luxury car?,True
How should a low-risk retiree invest a ~$700k lump sum and plan gradual gifting?,"How should a low-risk retiree invest $700,000 and create a plan for gradual gifting?",True
Any Advice for Beginning to Invest as a Risk-Averse Person,What advice can be offered for a risk-averse beginner starting to invest?,True
Risking being debanked?,Is there a risk of getting discontinued as a customer (debanked) by financial institutions due to investment decisions?,True
Low risk investment for retired grandmother,Recommended low-risk investment options suitable for a retired grandmother,True
What else can I leverage without substantially increasing risk?,"In the context of personal finance and investing, what other strategies can be utilized without significantly elevating risk?",True
Is there any risk mitigation justification for banking with more than one institution?,Is there a justifiable reason for diversifying banks (risk mitigation) within one's financial portfolio?,True
PWL Capital has a new Risk Profile tool,Is PWL Capital's new Risk Profile tool relevant to personal finance/investing?,True
"Is there any reason why I shouldn't put my entire Emergency Fund in a Wealthsimple's Money Market Fund Portfolio? (""Near-Zero Risk"")",Shouldn't an entire Emergency Fund be invested in Wealthsimple's Money Market Fund Portfolio due to its Near-Zero Risk?,True
"If credit card / other loan companies can sue you to pay your debt back - what is the ""risk"" in investing in higher yield loan securities?","What is the risk involved in investing in high-yield loan securities, given that lending institutions may sue for unpaid debts?",True
Help me sanity-check my $140K plan for my very risk-averse retired parents,Check the sanity of a $140K investment plan for risk-averse retired parents in Canada,True
Am I at risk for a defaulted car loan?,"Is there a risk of defaulting on a car loan? (in the context of personal finance/investing, this question pertains to individual's financial situation rather than an investment portfolio)",True
Question about the risk of day trading in a TFSA,Is there a risk associated with day trading within a Tax-Free Savings Account (TFSA) in Canada?,True
Turning down my investment risk close to retirement??,Should I reduce investment risk as I approach retirement?,True
"27F, high risk tolerance, self-managing ~$700k inheritance — thoughts?",What are the thoughts on a high-risk investment strategy for a $700k inheritance managed by an individual with a high risk tolerance (aged 27)?,True
"How much risk is there that tax rates for RRSP withdrawal will be significantly higher in say 30, 40, 50 years? How much control does the fed have over rrsp money?","What is the likelihood of increased tax rates for RRSP withdrawals in 30, 40, or 50 years, and to what extent does the federal government control RRSP funds?",True
"Fiance cosigned on her parent's mortgage, what are the risks?","When a person co-signs for their parents' mortgage, what are the potential risks?",True
would you buy car with high theft risk,Would you consider purchasing a vehicle with a high risk of theft?,True
Should I invest $30k into a TFSA a with a Wealthsimple high risk score plan?,"Is it advisable to invest CAD 30,000 in a Tax-Free Savings Account (TFSA) using a high-risk investment plan provided by Wealthsimple?",True
"(Ontario) My friend who's a single mother is struggling financially and is at risk of being homeless, does anyone have any advice?",What financial advice can be offered to a single mother in Ontario facing potential homelessness?,True
Retirement Cash Wedge Question: If you are using a 3 year cash wedge does the choice for the remaining part of your portfolio simply come down to risk tolerance?,"Does the selection for the remainder of a portfolio, when using a 3-year cash wedge, solely depend on risk tolerance?",True
Invest in a standard portfolio or high risk with Wealthsimple?,Should I invest in a standard portfolio or a high-risk portfolio through Wealthsimple?,True
Are there any risks to setting up fraud/credit alerts with Equifax?,Are there any risks associated with setting up credit alerts through Equifax?,True
My Dad gambled away our family's house,"How has gambling impacted the family's financial situation, specifically with regards to their home ownership?",False
Cybersecurity Risk for asset allocation ETFs,Does cybersecurity pose a risk to asset allocation ETFs?,True
Risk-Free Investment of $125k for Home Purchase in 8-12 Months,"Is there a risk-free investment opportunity for CAD 125,000 that can be realized within a time frame of 8 to 12 months for the purpose of a home purchase?",True
I (a 21 yr old) might have to reposes my car and want to know the risks and if I have any other options.,A 21-year-old individual is considering repossessing their car and wants to understand the potential risks and explore alternative options.,True
"""Asset based"" banking vs ""Risk assessment"" options?",Is the comparison between 'Asset-Based' Banking and 'Risk Assessment' Options relevant to personal finance/investing?,True
19M and want to increase risk,What investment strategies would be suitable for a 19-year-old individual aiming to increase their level of investment risk?,True
Are rental properties worth the risk as a young person?,"Is investing in rental properties a sound decision for a young individual, considering the associated risks?",True
How do i minimize risk of debt?,How to minimize the risk of debt in personal finance or investing?,True
Increase risk and returns,How can one increase investment risk and potential returns in the Canadian retail market?,True
Beware of “financial adviser” titles in banks. They are mutual fund sales people. Don’t get duped like so many Canadians,"Is it important to be aware that 'financial advisers' in Canadian banks primarily function as mutual fund salespeople, rather than unbiased financial advisors?",True
How to mitigate sequence of returns risk as you approach retirement?,How can one minimize Sequence of Returns Risk near retirement in personal finance and investing?,True
Just crossed over 200k net worth (29M). What risk adverse investments can I make?,Just crossed over 200k net worth (29M). What risk adverse investments can I make?,True
All-in-one ETF vs two ETF portfolio and sequence of returns risk,Comparing All-in-One ETF versus a Two-ETF Portfolio in terms of Sequence of Returns Risk for Canadian Retail Investors,True
Best low-risk place to park $17k for 1 year in Canada?,"What is the best low-risk investment option for a Canadian resident to put $17,000 into for one year?",True
How do I find high risk investment?,What methods can be used to identify high-risk investments in the Canadian retail market?,True
What is the risk associated with investing in canadian ETFs?,What is the level of risk associated with investing in Canadian Exchange-Traded Funds (ETFs)?,True
FHSA - is there a risk in contributing now?,Is there a risk in contributing to a Home Buyers Plan (FHSA) now?,True
24 y/o student dilemma: sell stocks or risk card interest?,Should a 24-year-old student decide to sell stocks or incur credit card interest?,True
How to assess risk tolerance for FHSA,What is the process for evaluating risk tolerance when investing in a First Home Savings Account (FHSA)?,True
"Trying to add my common law partner to my health insurance benefits, does this open me up to risk?",Does adding a common-law partner to one's health insurance benefits pose any risks?,True
Am I taking a huge risk by investing with money from my credit cards?,Is there a significant risk involved in investing using funds obtained from credit cards?,True
"Ben Felix: ""Sequence of Returns Risk""",What is the 'Sequence of Returns Risk' as discussed by Ben Felix?,True
Builders Risk Insurance,"Is Builders Risk Insurance relevant to personal finance/investing? If yes, how can its implications be explained in a Canadian retail investment context?",True
1 Year Low Risk Investment,Is there a suitable 1-year low-risk investment option for personal finance in Canada?,True
"What has a little more risk, than a HISA, GIC or money market fund?","Which investment option holds slightly more risk compared to a High-Interest Savings Account (HISA), Guaranteed Investment Certificate (GIC), or Money Market Fund?",True
Buying an investment property before our forever home and first kid. Are we being smart or taking on unnecessary risk?,Is it financially wise to purchase an investment property before a permanent home and the birth of the first child?,True
Is SnP 500 the best option to put extra cash in for someone who doesn't like to take big risk?,"Is the S&P 500 a suitable investment option for an individual averse to high risk, given that they have additional funds?",True
WealthSimple risk level,What is the risk level for Wealthsimple?,True
What does “you’re young you can tolerate more risk” even mean?,"What does the statement 'You're young, you can tolerate more risk' mean in the context of personal finance and investing?",True
"Thoughts on my portfolio? (25M 🇨🇦, ~7-8/10 risk profile, long-term)","What is an analysis of the investment portfolio for a Canadian individual with a net worth of 25 million dollars, having a moderate to high (7-8/10) risk tolerance, and planning for long-term investments?",True
"I recently opened up a FHSA, what are the best low risk investments to help me purchase my first home?",What are the best low-risk investments for a First Home Savings Account (FHSA) to assist in purchasing a home?,True
27M - High or Low Risk investments to reach FIRE?,"Is it advisable to make high or low risk investments for Financial Independence, Retire Early (FIRE) in Canada?",True
"Unsure about financial risks in a weird scenario (lending money, reverse mortage, will)","Is there a financial risk associated with lending money, reverse mortgages, and making a will?",True
"Canada among three economies in world most at risk of banking crisis, BIS warns [Article]","Is Canada one of the three economies most at risk of a banking crisis, according to the Bank for International Settlements (BIS) as suggested by the article?",True
What account to use for high risk investments?,Which type of investment account is suitable for high-risk investments in Canada?,True
"Closed a Scotiabank CC in 2020, still shows open on credit report..... is there any risk here?",Is there any risk if a closed Scotiabank Credit Card is still showing as open on a credit report in 2021?,True
"Husband starting business, was encouraged by bank to get HELOC. What are the risks?",What are the risks associated with a husband obtaining a Home Equity Line of Credit (HELOC) for his new business?,True
ZPAY - Low risk but high returns?,Is ZPAY considered low-risk with high potential returns in the context of investing?,True
Does Wealthsimple offer anything close in risk/return to GICs?,Does Wealthsimple offer any investment options similar in risk and return to Guaranteed Investment Certificates (GICs)?.,True
retirement plan--extend mortgage amortization to reduce sequence of returns risk--any downsides?,Does extending mortgage amortization in a retirement plan have any downsides to mitigate Sequence of Returns Risk?,True
TFSA risk management strategy,Strategies for managing risk in a Tax-Free Savings Account (TFSA),True
Weathsimple Risk Tolerance,What is Wealthsimple's risk tolerance for investment portfolios?,True
Can e-transfer be reversed/am I at risk for a scam?,Is it possible to reverse an e-Transfer and is there a risk of e-Transfer scams?,True
The Big Guide to Canadian credit cards,What is a comprehensive guide about Canadian credit cards?,True
De risk pension?,How to reduce risk in a pension?,True
"Cost effective, low/no-risk USD to CDN currency conversation method?",What is a cost-effective and low/no-risk method for converting USD to CAD?,True
Best TFSA allocation for lower risk,Recommended TFSA Allocation for a Lower Risk Portfolio,True
Risks about moving from Managed Wealthsimple account to a Self managed,Should we consider the risks when transitioning from a Managed Wealthsimple account to a Self-Managed account?,True
RESP - recommendations on a lower risk option compared to how it's invested now?,Is there a lower-risk investment recommendation compared to the current investment for RESP?,True
TFSA Tax... Am I At Risk? Did I get Too Greedy?,"Is an individual at risk of tax implications with a Tax-Free Savings Account (TFSA), and did they potentially overreach in their investments?",True
"25F ""Student"". How to help broke parents without going broke myself?",How can a student assist financially struggling parents without risking personal financial instability?,True
