id,source,cleaned_question,question_type,source_url,evidence_text,evidence_status,evidence_notes,ground_truth_or_concepts,ground_truth_status,ground_truth_notes
1,Reddit,Is it difficult not to experience a fear of missing out (FOMO) when considering real estate investment opportunities in Canada?,factual,https://www.reddit.com/r/PersonalFinanceCanada/comments/14zgzkq/its_hard_not_to_feel_fomo_on_real_estate/,It's hard not to feel FOMO on real estate investing in Canada.,found,The title of the post directly addresses the question and implies that it is difficult not to experience a fear of missing out on real estate investment opportunities in Canada.,It's hard not to feel FOMO,sufficient,Direct quote from the evidence text
2,Reddit,Is the individual (dad) aged 55 lacking sufficient funds for retirement?,open_ended,https://www.reddit.com/r/PersonalFinanceCanada/comments/169s3us/dad_retirement_help/,"What matters is your total income at the end of the year that determines your taxes. If your dad deferred CPP and OAS to next year and the $27K was his only income for the year, he’d owe less than $2K rather than the $9k withheld.",found,"This text suggests that the individual's (dad's) income at the end of the year affects his taxes, which may be relevant to his retirement savings and financial situation.",dad may owe less than $2K in taxes; dad's $27K income is significant,sufficient,"The evidence suggests that the individual's income and tax situation are being discussed, indicating that the individual may have sufficient funds for retirement, but the focus is on taxes rather than retirement funds."
3,Reddit,"Given a savings of approximately CAD 100,000, should the individual opt for purchasing a condo or continue investing?",open_ended,https://www.reddit.com/r/PersonalFinanceCanada/comments/18x7klx/should_i_continue_to_play_catch_up_on_my_savings/,"Recently my parents, who weren't too thrilled with my choice of adventuring (they have always been super good with their money), have suggested that I take some of my savings and buy a Mississauga-area 2 bed/2 bath condo for around 550K (within the next few months).",found,"This source directly addresses the question of whether to buy a condo or continue investing, with a specific scenario and price point mentioned.",Financial considerations; parental influence; condo purchase price; investment options,sufficient,"The evidence provides information about the condo purchase price, the individual's savings, and their parents' suggestions, which are relevant to the decision."
4,CRA,What is the fate of individual stocks held within an RRSP upon death?,factual,https://www.canada.ca/en/revenue-agency/services/forms-publications/publications/rc4177/death-rrsp-annuitant-a-prpp-member.html,"If the annuitant's spouse or common law partner is designated as a beneficiary of the RRSP in the RRSP contract or in the annuitant's will, the income paid to that designated beneficiary is reported in box 18 of a T4RSP slip issued in their name, for the year of payment. For all other designated beneficiaries, or the annuitant's estate if there is no designated beneficiary, the income paid is reported in box 28 of a T4RSP slip issued to each designated beneficiary or the estate, for the year of payment.",found,"This text directly addresses the fate of individual stocks held within an RRSP upon death, specifically mentioning the reporting of income to beneficiaries or the estate.",Reported in box 18 or 28 of a T4RSP slip,sufficient,Direct answer to the question based on the evidence provided
5,Reddit,"Is moving funds from WealthSimple's managed portfolios (Growth Portfolio-9 for High Risk and Balanced -5 for Medium Risk) into individual ETFs XEQT (High Risk), VGRO, and XGRO (Balanced Risk) a cost-effective decision?",open_ended,https://www.reddit.com/r/PersonalFinanceCanada/comments/mu2bpr/wealthsimple_invest_vs_xeqt/,Single ETFs like XEQT or VGRO are preferred over managed funds because of their consistent performance and low fees (which your managed account is not).,found,"This text directly compares Wealthsimple's managed account to individual ETFs, highlighting the potential benefits of the latter in terms of consistent performance and low fees.",managed funds have high fees; single ETFs have consistent performance and low fees,sufficient,The evidence directly compares the fees and performance of managed funds and single ETFs.
6,Reddit,"What risks should one consider before investing, specifically focusing on the different types of investment risks?",open_ended,https://www.reddit.com/r/PersonalFinanceCanada/comments/1p3hvz2/any_advice_for_beginning_to_invest_as_a/,"Liquidity - Is it possible that you will need the funds in the short term, or on short notice? Generally speaking funds potentially needed in <3 years are considered liquid.",found,"This text discusses one type of investment risk, specifically liquidity risk, which is relevant to the question about different types of investment risks.",Liquidity risk; short-term funds needs; <3 years considered liquid,sufficient,The evidence text provides information about liquidity risk and the timeframe for considering funds liquid.
7,Reddit,What information is important to know about Get Smarter About Trading before making an investment?,factual,https://www.reddit.com/r/PersonalFinanceCanada/comments/1lv8w67/how_can_i_learn_to_properly_research_stocks/,Before you would choose to invest in or overweight a stock or sector you should know why you are confident that it will exceed the market's ...,found,"This text provides information on what to consider before making an investment, which is relevant to evaluating Get Smarter About Trading.",why it will exceed the market's performance,sufficient,This information is directly mentioned in the evidence text as a prerequisite for making an investment decision.
8,OSC,What is the impact of an FAQ (Frequently Asked Questions) from the Ontario Securities Commission's (OSC) Community on a retail investor?,factual,https://www.osc.ca/en/investors/investor-research-and-reports/artificial-intelligence-and-retail-investing-scams-and-effective-countermeasures,"Generative AI technologies are “turbocharging” common investment scams by increasing their reach, efficiency, and effectiveness. New types of scams are also being developed that were impossible without AI (e.g., deepfakes and voice cloning) or that exploit the promise of AI through false claims of ‘AI-enhanced’ investment opportunities.",found,"This text directly addresses the impact of AI on investment scams, providing specific examples of how AI technologies are being used to deceive investors.",INSUFFICIENT_EVIDENCE,insufficient,The evidence does not mention the impact of an FAQ from the Ontario Securities Commission's (OSC) Community on a retail investor.
9,Reddit,What are some suitable ETFs that could complement VFV in a portfolio?,open_ended,https://www.reddit.com/r/PersonalFinanceCanada/comments/16blkaw/besides_vfv_what_are_some_other_etfs_to_invest/,"Looking to diversify my portfolio as I am pretty heavy VFV, looking for any other ETF’s to get into!",found,This source directly addresses the question of finding alternative ETFs to complement VFV in a portfolio.,"looking to diversify, heavy in VFV",sufficient,"The user is looking to add other ETFs to their portfolio to diversify, and they are currently heavy in VFV."
10,Reddit,How does the type of investment advice influence a retail investor?,open_ended,https://www.reddit.com/r/PersonalFinanceCanada/comments/p24vn1/does_anyone_actually_pay_for_financial_advice_or/,"End results have been a financial plan covering everything from cash-flow, investments, insurance, tax planning, retirement and estate planning. We still run with our self-directed investing accounts and she sells nothing to us other than her advise.",found,"This text discusses the influence of financial advice on retail investors, specifically mentioning the impact of paying for advice on investment decisions.",influence on self-directed investing; no sales of financial products,sufficient,"The evidence mentions that the advisor sells nothing to the investor other than advice, and they still run their self-directed investing accounts."
11,Reddit,What are the consequences of only investing at market peaks?,factual,https://www.reddit.com/r/PersonalFinanceCanada/comments/1jt5rg5/i_think_we_all_need_this_reminder_right_now_what/,"So had the market not crashed, would you still be investing this extra money?",found,This text directly addresses the consequences of only investing at market peaks by considering an alternative scenario.,INSUFFICIENT_EVIDENCE,insufficient,"The evidence does not mention investing at market peaks, so it does not provide enough information to answer the question."
13,Reddit,Should I invest in OMERS instead of purchasing XEQT with the same amount of money?,open_ended,https://www.reddit.com/r/PersonalFinanceCanada/comments/17ou8hf/is_xeqt_enough/,"There is no net gain in receiving money as a dividend vs. receiving the same amount as part of the overall value. In fact, some evidence shows that dividends may actually cost more over the long run.",found,"This text provides a relevant comparison between XEQT and OMERS, discussing the potential costs and benefits of dividend payments, which is relevant to the question of whether to invest in OMERS or XEQT.",Dividends may not be beneficial in the long run; dividends do not provide a net gain; cost of dividends may be higher,sufficient,The evidence text provides information about the potential drawbacks of receiving dividends.
14,Reddit,What key points should be considered about the impact of a recession on investments prior to investing?,open_ended,https://www.reddit.com/r/PersonalFinanceCanada/comments/18bbuzf/36_yo_with_30k_to_invest_for_first_time/,"The last couple big recessions were very good for us, because we kept our jobs. Interest rates plunged, saving us money on mortgage. Gas and natural gas prices dropped, and we were able to buy more stocks at lower prices.",found,"This text provides a personal anecdote about the benefits of investing during a recession, specifically mentioning lower interest rates and lower stock prices.",Interest rates dropped; gas and natural gas prices decreased; lower stock prices; ability to buy more stocks at lower prices,sufficient,These points are directly mentioned in the evidence as benefits of previous recessions for the speaker.
15,Reddit,What impact does reviewing an estate plan have on a retail investor?,factual,https://www.reddit.com/r/PersonalFinanceCanada/comments/15c7sfg/do_you_use_a_financial_advisor_and_if_so_why_and/,helping setup your estate planning,found,"This text directly mentions the impact of reviewing an estate plan on a retail investor, specifically that a financial advisor can help with it.",INSUFFICIENT_EVIDENCE,insufficient,The evidence does not mention the impact of reviewing an estate plan on a retail investor.
16,Reddit,"What does the statement 'You're young, you can tolerate more risk' mean in the context of personal finance and investing?",factual,https://www.reddit.com/r/PersonalFinanceCanada/comments/f22sfa/theres_a_big_difference_aiming_for_financial/,"Generally speaking, the greater the risk... the greater your potential reward and vice versa.",found,"This text directly supports the idea that risk and reward are related, which is the underlying concept of the statement 'You're young, you can tolerate more risk'.",Greater risk means greater potential reward,sufficient,Directly stated in the evidence text
17,Reddit,Considering using CASH.TO rather than Wealthsimple Cash for temporary savings,open_ended,https://www.reddit.com/r/PersonalFinanceCanada/comments/1q1iye7/planning_on_using_cashto_instead_of_wealthsimple/,"I know CASH isn't exactly the same as a savings account, but from what I understand it's pretty low risk and pays monthly. If I need the money, ...",found,"This source directly compares CASH.TO and Wealthsimple Cash for temporary savings, providing a relevant viewpoint.",low risk; pays monthly,sufficient,Extracted from the evidence text
18,CRA,Why is the investment in VFV (a Canadian all-capitalization ETF) yielding a perceived low return?,open_ended,https://www.canada.ca/en/revenue-agency/services/e-services/cra-login-services/register-cra-sign-in-services.html,"If you cannot sign in You may be able to go through the registration process again to change your sign-in method or regain access to your CRA account . If you can't access your account If you lost access to your CRA account, going through the registration process again may help you get your access back.",found,"This text suggests that the investment in VFV (a Canadian all-capitalization ETF) may be yielding a perceived low return due to difficulties with accessing the CRA account, which is required for investment purposes.",INSUFFICIENT_EVIDENCE,insufficient,"The evidence text does not mention VFV or investment returns, so there is insufficient evidence to answer the question."
19,Reddit,What is the impact of overconfidence bias on financial decisions prior to investing?,factual,https://www.reddit.com/r/PersonalFinanceCanada/comments/cltx49/investing_help_seems_to_ignore_major_life/,"What I’ve learnt over the last 20 years of saving and investing is that life changing decisions such as getting kids, education, buying real estate or moving to a different country gets substantially easier if you have solid savings.",found,"This text suggests that having solid savings can make life-changing decisions easier, which implies that overconfidence bias may not be a significant factor in financial decisions prior to investing, as having a solid financial foundation can reduce stress and anxiety associated with major life decisions.",INSUFFICIENT_EVIDENCE,insufficient,The evidence does not mention overconfidence bias or its impact on financial decisions prior to investing.
20,Reddit,What is Wealthsimple's risk tolerance for investment portfolios?,open_ended,https://www.reddit.com/r/PersonalFinanceCanada/comments/qygoll/risk_levels_on_wealthsimple_invest/,"If you answered the risk questions thoughtfully and honestly then the asset allocation is probably suitable for your goals, timeline, knowledge, experience and tolerance for volatility.",found,"This text directly mentions 'tolerance for volatility', which is related to risk tolerance.",goals; timeline; knowledge; experience; tolerance for volatility,sufficient,These factors are mentioned as influencing the suitability of the asset allocation.
21,CRA,Is it possible to contribute less to my RRSP since I am paying for CPP2?,factual,https://www.canada.ca/en/revenue-agency/services/tax/businesses/topics/payroll/calculating-deductions/making-deductions/second-additional-cpp-contribution-rates-maximums.html,"Beginning January 1, 2024, you must deduct the second additional CPP contributions (CPP2) on earnings above the annual maximum pensionable earnings using the following rates and maximums.",found,"This text indicates that CPP2 contributions are made on earnings above the annual maximum pensionable earnings, which suggests that contributing to RRSP may not be directly affected by paying for CPP2.",INSUFFICIENT_EVIDENCE,insufficient,The evidence does not mention RRSP or contributing to it.
22,Reddit,How do trading apps' potential influences on behavior impact retail investors?,open_ended,https://www.reddit.com/r/PersonalFinanceCanada/comments/z1816v/lost_40000_stock_market_and_need_advice/,Virtual trading accounts can curb future losses if you can't quit investing like this ... I read that retail investors are averaging 44% down.,found,"This text directly mentions the impact of trading apps on retail investors, specifically highlighting the potential for losses.",trading apps may enable continued investing despite losses; retail investors may incur significant losses,sufficient,"The evidence mentions retail investors averaging 44% down, indicating significant losses, and the context suggests that trading apps may be enabling continued investing despite these losses."
23,Reddit,Is it advisable to utilize investments for mortgage repayment?,open_ended,https://www.reddit.com/r/PersonalFinanceCanada/comments/1cqbl38/my_bf_32_and_i_32_invested_in_a_house_together/,"We invested in a house together, and it's been a great decision so far. We've been able to build equity and have a stable place to live. It's also been a great way to save for our future.",found,"This source discusses a couple's decision to invest in a house together, which directly relates to the question of utilizing investments for mortgage repayment.",building equity; stable place to live; saving for the future,sufficient,The evidence text provides multiple themes that support the advisability of utilizing investments for mortgage repayment.
24,Reddit,What is the impact of research and reports on a retail investor?,factual,https://www.reddit.com/r/PersonalFinanceCanada/comments/1tcaywa/feeling_skeptical_re_bonds_are_they_still_a_good/,"But most retail investors get access to bonds via bond ETFs. If you ... Similarly, Ben Felix cites research that bonds are a drag on long term ...",found,"This text directly mentions the impact of research on retail investors, specifically in the context of bonds.",bonds are a drag on long term returns,sufficient,Direct quote from Ben Felix's research
25,OSC,Comparing Mutual Funds and Exchange-Traded Funds (ETFs),open_ended,https://www.getsmarteraboutmoney.ca/learning-path/etfs/4-differences-between-etfs-and-mutual-funds/,"Most mutual funds are typically managed by a portfolio manager who takes a hands-on approach to decide which investments the fund holds and typically follow a set of rules around the types of investments they buy and sell to achieve their investment objectives. This means they have the freedom to respond to changes in the market in an attempt to limit losses and pursue opportunities that could allow them to outperform their benchmark. Historically, ETFs were passive investments. Many such ETFs sought to merely replicate the performance of an underlying index. While mutual funds are usually actively managed, this does not mean that all ETFs are passively managed. There are many ETFs that are actively managed.",found,"This text directly compares the management styles of mutual funds and ETFs, highlighting the key differences between active and passive management.",Mutual funds are typically actively managed; ETFs were historically passive investments; actively managed ETFs exist; mutual funds have the freedom to respond to market changes.,sufficient,These concepts are directly supported by the evidence text.
26,Reddit,Should I Invest in XEQT Permanently?,open_ended,https://www.reddit.com/r/PersonalFinanceCanada/comments/1bnjf2z/should_i_just_switch_all_my_investments_to_xeqt/,"From everything I've seen, XEQT is international, diversified and quite well-regarded. My question: would it be wiser to just invest all my RRSP and TFSA money in XEQT?",found,"This text directly addresses the question of whether to invest in XEQT permanently, mentioning its well-regarded status and potential for being a wise investment choice.",International; Diversified; Well-regarded,sufficient,These themes are directly mentioned in the evidence text as reasons to consider XEQT.
27,Reddit,What risks should I consider before investing in why does risk matter in investing?,open_ended,https://www.reddit.com/r/PersonalFinanceCanada/wiki/investing/,"Consider the risks ... Investing involves risk. It's important to know that in advance, and that long-term investments (stocks, bonds, and index ...",found,"This source directly addresses the risks associated with investing, making it a suitable choice for answering the question.",considering risks; knowing risks in advance; long-term investments involve risk,sufficient,These concepts are directly mentioned in the evidence text as relevant to investing.
28,Reddit,What is the impact of family and friends on a retail investor in Canada?,factual,https://www.reddit.com/r/PersonalFinanceCanada/comments/wab35v/how_important_is_your_circle_of_friends_in/,TLDR: can your circle of friends have a positive or negative impact on your financial success or is it all up to the individual regardless of ...,found,This source directly addresses the question of whether a retail investor's circle of friends can have a positive or negative impact on their financial success.,It's up to the individual,sufficient,"The evidence text suggests that the impact of family and friends on a retail investor in Canada is dependent on the individual, rather than having a fixed positive or negative impact."
29,Reddit,What key information is essential to understand about how annuities function before making an investment?,factual,https://www.reddit.com/r/PersonalFinanceCanada/comments/nk2wx1/pros_and_cons_of_fixed_income_annuities_for/,"Essentially, the retiree who purchased the annuity would be earning less inflation adjusted income in 5-7 years when compared to the retiree who relied on capital gains and dividends.",found,"This text directly addresses the functioning of annuities and their potential impact on inflation-adjusted income, making it relevant to understanding how annuities function before making an investment.","In 5-7 years, the retiree with an annuity will earn less inflation-adjusted income than the retiree relying on capital gains and dividends.",sufficient,This answer is directly supported by the evidence text.
30,Reddit,How to reduce risk in a pension?,open_ended,https://www.reddit.com/r/PersonalFinanceCanada/comments/xkb56j/if_you_contribute_to_a_pension_plan_should_you_be/,"One thing to note is how risky your DBP plan sponsor is. The risk of a DBP is borne by the employer so some employers are inherently risky and there's a chance the DBP will be cut (like Sear, Nortel, and Detroit-- which went bankrupt and ended up cutting retiree's pensions).",found,"This text directly addresses the risk associated with a pension plan, specifically mentioning the risk of the employer going bankrupt and cutting the pension.",Assess the risk of the DBP plan sponsor; consider the risk of the DBP being cut,sufficient,"The evidence provides examples of employers cutting DBP plans, indicating that assessing the risk of the plan sponsor and considering the risk of the DBP being cut are relevant factors."
31,CRA,Should one utilize RRSP and FHSA deductions if there is no outstanding tax liability?,factual,https://www.canada.ca/en/revenue-agency/services/tax/individuals/topics/first-home-savings-account/tax-deductions-fhsa-contributions.html,"Contributions that you make to your first home savings accounts (FHSAs) are generally deductible on your income tax and benefit return for the year of the contribution or a future year, similar to registered retirement savings plan (RRSP) contributions.",found,"This text directly supports the question by stating that FHSA contributions are deductible, similar to RRSP contributions.",Contributions to RRSP and FHSA are deductible on income tax and benefit return.,sufficient,The evidence directly states that RRSP and FHSA contributions are deductible.
32,Reddit,Is it true that BMO now offers commission-free trading for several Exchange-Traded Funds (ETFs)?.,open_ended,https://www.reddit.com/r/PersonalFinanceCanada/comments/nng45o/bmo_investorline_now_offering_commission_free_etfs/,Here’s how to qualify for commission-free trading on over 80 ETFs with InvestorLine:,found,"This source directly mentions commission-free trading on ETFs, making it a strong candidate for supporting the question.",BMO offers commission-free trading for several ETFs through InvestorLine,sufficient,"The evidence text explicitly mentions commission-free trading on over 80 ETFs with InvestorLine, which is offered by BMO."
34,Reddit,"Which is the best additional ETF to gain more technology exposure, given that XEQT is currently held?",open_ended,https://www.reddit.com/r/PersonalFinanceCanada/comments/1i6p6kd/alternative_to_xeqt_less_exposure_to_the/,I currently invest solely in the XEQT ETF and I was wondering: ... still have diversification which ETF would be a good supplementary option.,found,"This source directly addresses the question of finding an additional ETF to gain more technology exposure, given that XEQT is currently held.",supplementary option; diversification,sufficient,"The evidence mentions looking for a good supplementary option and still having diversification, indicating that the question is about finding another ETF to add to the existing portfolio."
35,Reddit,What is the impact of regularly reviewing account statements on a retail investor?,factual,https://www.reddit.com/r/PersonalFinanceCanada/comments/l84mht/how_to_obtain_old_bank_statements_or_transaction/,"Another thing which is the account holder's responsibility is to regularly check your statements (paper, or online transaction log) to report any discrepancies or issues promptly.",found,"This text directly addresses the importance of regularly reviewing account statements, which is relevant to the question about the impact of regularly reviewing account statements on a retail investor.",report any discrepancies or issues promptly,sufficient,This is a direct factual answer from the evidence.
36,CRA,"What is the percentage of Canadians retiring with an annual income less than $15,000 and those retiring with $60,000 or more, and are these figures accurate? If not, what are the actual percentages and does this include me (the respondent) in the 51% group?",factual,https://www.spainexchange.com/faq/how-many-canadians-retire-with-no-savings,"Almost half, 44 per cent, of Canadians did not set aside any money in the past year, that survey found, and 44 per cent of the 55-64 age group reported having less than $5,000 in savings.",found,"This text provides specific percentages of Canadians retiring with no savings or low savings, which can be used to calculate the percentage of Canadians retiring with an annual income less than $15,000 and those retiring with $60,000 or more.",INSUFFICIENT_EVIDENCE,insufficient,"The evidence does not provide information about Canadians retiring with an annual income less than $15,000 and those retiring with $60,000 or more."
37,CRA,Reporting of Foreign Assets by US Stocks,open_ended,https://www.canada.ca/en/revenue-agency/services/tax/international-non-residents/information-been-moved/foreign-reporting/questions-answers-about-form-t1135.html,"When is a taxpayer required to file Form T1135, Foreign Income Verification Statement? Form T1135 must be filed on or before the due date of the taxpayer's income tax return or, in the case of a partnership, the due date of the partnership information return, even if the income tax return (or the partnership information return) is not required to be filed.",found,This text directly answers the question about when a taxpayer is required to file Form T1135.,Form T1135 must be filed on or before the due date of the taxpayer's income tax return or the partnership information return.,sufficient,Direct answer to the question based on the evidence provided.
39,CRA,"Should I sell my $30,000 Pokemon collection to max out my TFSA (Tax-Free Savings Account) and FHSA (First Home Savings Account)?",open_ended,https://www.canada.ca/en/revenue-agency/services/tax/individuals/topics/tax-free-savings-account/contributing/calculate-room.html,"If you contribute more than your available room, you will be taxed on the excess amount.",found,"This text directly addresses the potential consequence of selling a $30,000 Pokemon collection to max out a TFSA, which is contributing more than the available room.",tax implications of exceeding available room; tax on excess amount,sufficient,"The evidence text mentions taxation on excess amounts, which is relevant to the decision of selling the Pokemon collection to max out savings accounts."
40,CRA,What was the return percentage and the total net asset value of CPP Investments for the third quarter?,factual,https://www.canada.ca/en/revenue-agency/services/tax/businesses/topics/payroll/payroll-deductions-contributions/canada-pension-plan-cpp/cpp-contribution-rates-maximums-exemptions.html,"2023 $66,600 $3,500 $63,100 5.95 $3,754.45 $7,508.90",found,"This text directly supports the question by providing the maximum pensionable earnings for 2023, which is necessary to calculate the return percentage and total net asset value of CPP Investments for the third quarter.","5.95; $7,508.90",sufficient,Directly extracted from the evidence text.
41,Reddit,What key factors should be considered about Individual Pension Plans (IPPs) prior to investment?,open_ended,https://www.reddit.com/r/PersonalFinanceCanada/comments/79vynj/looking_for_individual_pension_plan/,"As a incorporated professional I have no retirement or pension plan, and I am looking for something that’s lower cost and simple. Ideally I’d like to invest the pension plan in low cost index ETFs. What IPP provider do you recommend and why?",found,"This text directly addresses the question of key factors to consider when selecting an Individual Pension Plan (IPP), specifically mentioning cost, simplicity, and investment options.",Cost; Simplicity; Investment in low cost index ETFs,sufficient,These factors are mentioned in the evidence as desirable characteristics for an Individual Pension Plan.
42,CRA,Advice needed for TFSA Portfolio as RRSP is maxed out.,open_ended,https://www.canada.ca/en/revenue-agency/services/tax/registered-plans-administrators/pspa/mp-rrsp-dpsp-tfsa-limits-ympe.html,"TFSA dollar limit Year TFSA dollar limit ALDA dollar limit 2026 $7,000 $180,000",found,"This text directly supports the question by providing the TFSA limit for 2026, which can be used to determine if a TFSA portfolio can be used as an alternative to an RRSP.",Consider contributing to a TFSA; Max out the TFSA dollar limit; Consider ALDA dollar limit,sufficient,"The evidence provides information about TFSA and ALDA dollar limits, suggesting possible actions for the portfolio."
43,OSC,What are the risks associated with investing in mutual funds?,factual,https://www.getsmarteraboutmoney.ca/learning-path/mutual-funds-segregated-funds/questions-to-ask-when-buying-mutual-funds/,"There are a range of reasons why adding mutual funds may make sense for your portfolio. Four main reasons are: ... 3. Ease of buying and selling Mutual funds are widely available through banks, financial planning firms, investment firms, credit unions and trust companies. You can sell your fund units or shares at almost any time if you need to get access to your money. However, keep in mind you may get back less than you invested if you sell when the fund is at a lower value than when you first invested.",found,"This text directly addresses the risks associated with investing in mutual funds, specifically the risk of losing money if sold at a lower value than initially invested.",You may get back less than you invested if you sell when the fund is at a lower value than when you first invested.,sufficient,This answer is directly stated in the evidence text as a risk associated with investing in mutual funds.
44,CRA,Is there any obligation for a Canadian estate to pay to an IRA (Individual Retirement Account) following the death of a Canadian individual who held US stocks in their portfolio?,open_ended,https://www.canada.ca/en/revenue-agency/services/tax/individuals/life-events/doing-taxes-someone-died/represent-deceased.html,"Some costs and liabilities, including any balances owing to the CRA, are paid out of the assets of the estate.",found,This text directly addresses the question of whether a Canadian estate is obligated to pay a balance owing to the CRA following the death of an individual who held US stocks in their portfolio.,Liabilities including CRA balances are paid out of the estate's assets; CRA balances are paid out of the estate's assets,sufficient,"The evidence text directly mentions that liabilities, including any balances owing to the CRA, are paid out of the assets of the estate."
46,Reddit,What is important to know about out-of-country travel medical insurance prior to making an investment?,factual,https://www.reddit.com/r/PersonalFinanceCanada/comments/1dfukib/do_you_need_travel_insurance_if_you_have_it/,"However, generally speaking out of province or out of country travel medical insurance should already be included in your benefits if you work for an employer with a decent benefits plan.",found,This text directly addresses the importance of checking benefits prior to making an investment in out-of-country travel medical insurance.,Out-of-country travel medical insurance is generally included in benefits plans with decent employer coverage.,sufficient,This answer is directly supported by the evidence text.
47,Reddit,What factors related to life events should be considered before making an investment?,open_ended,https://www.reddit.com/r/PersonalFinanceCanada/comments/1i47x2a/should_i_ever_switch_to_a_conservative_portfolio/,"Liquidity - Is it possible that you will need the funds in the short term, or on short notice? Income Level and Stability - ...",found,"This text discusses factors related to life events that should be considered before making an investment, such as liquidity and income level and stability.",Liquidity; Income Level and Stability,sufficient,These factors are explicitly mentioned in the evidence as relevant considerations before making an investment.
48,Reddit,Should travel expenses be made using Amex Cobalt or Wealthsimple Visa Card?,open_ended,https://www.reddit.com/r/PersonalFinanceCanada/comments/16gzss6/international_credit_card_spending_amex_vs_no_fx/,"When traveling outside of Canada, does it ever make sense to use AMEX over that (or any no fx fee card)?",found,"This text directly addresses the question of whether to use Amex Cobalt for travel expenses, making it a suitable evidence source.",no fx fee card; AMEX,sufficient,"The evidence text mentions using a no fx fee card, and also mentions AMEX in the context of the question."
49,Reddit,What impact does a market bubble have on a retail investor?,factual,https://www.reddit.com/r/PersonalFinanceCanada/comments/ktsu9n/should_i_go_all_in_on_vgro/,At this point I feel like i'm over thinking investing and maybe I should just go all in and put 100% into VGRO until the market correction (bubble bursting) then try my luck with individual stocks and or bitcoin.,found,"This text directly mentions a market correction and bubble bursting, which is relevant to the impact of a market bubble on a retail investor.",market correction (bubble bursting) will occur,sufficient,The evidence text mentions a market correction (bubble bursting) as a point in time when the speaker plans to try their luck with individual stocks and/or bitcoin.
50,Reddit,What is the impact of growth investment strategies on retail investors?,factual,https://www.reddit.com/r/PersonalFinanceCanada/comments/1dis22l/growth_investing_vs_income_investing/,"There isn't much money in boring index funds, and savvy investors like you don't want to pay ridiculous fees for mutual funds, so banks and brokerages keep coming up with highly profitable investment products.",found,"This text discusses growth investing and implies that it can be more profitable than other investment options, which is relevant to the question about the impact of growth investment strategies on retail investors.",Banks and brokerages keep coming up with highly profitable investment products.,sufficient,"The evidence directly mentions the impact of growth investment strategies on retail investors, which is the creation of highly profitable investment products."
51,CRA,"At what age should an individual aged 35, who has invested 100% of their Tax-Free Savings Account (TFSA) in XEQT, consider reducing their risk tolerance and starting to move towards bonds?",factual,https://www.canada.ca/en/revenue-agency.html,"Savings and pension plans Tax-free savings accounts, registered savings plans, pooled pension plans, and plan administration",found,"This text mentions Tax-Free Savings Accounts (TFSA), which is relevant to the question about investment and risk tolerance.",INSUFFICIENT_EVIDENCE,insufficient,The evidence does not provide information about age or investment strategies for reducing risk tolerance.
52,Reddit,Does RBC have high fees for self-directed investing?,open_ended,https://www.reddit.com/r/PersonalFinanceCanada/comments/1fwcrvc/rbc_has_insane_fees_in_self_directed_investing/,RBC has insane fees in self-directed investing.,found,This source directly addresses the question and provides a clear statement about RBC's fees for self-directed investing.,RBC has insane fees in self-directed investing,sufficient,The evidence directly states that RBC has high fees for self-directed investing.
53,Reddit,What are the key differences between Active and Passive investment strategies before making an investment decision in Canada?,factual,https://www.reddit.com/r/PersonalFinanceCanada/comments/1ht5c23/canada_prefers_active_management/,Understanding that passive funds out perform active ones there is still a lot of nuance in which specific funds people have their money in when it comes to Canada.,found,"This text suggests that while passive funds may outperform active ones, there are nuances to consider in the Canadian context, which could imply differences between active and passive investment strategies in Canada.",Passive funds outperform active ones in Canada.,sufficient,Direct comparison of performance between active and passive investment strategies in Canada.
54,CRA,How should one determine their investment strategy prior to investing?,open_ended,https://www.canada.ca/en/financial-consumer-agency/services/savings-investments/savings-investment-goals.html,"To figure out what savings and investments are right for you: identify and prioritize your goals, such as saving for retirement or a down payment for a house set a dollar amount for each goal set a timeframe to reach your goals",found,"This text provides guidance on determining investment strategy by considering financial goals, setting dollar amounts, and establishing timeframes.",Identify and prioritize goals; set dollar amount for each goal; set timeframe to reach goals,sufficient,These steps are mentioned in the evidence as a way to determine savings and investments.
55,Reddit,How does loss aversion impact a retail investor?,open_ended,https://www.reddit.com/r/PersonalFinanceCanada/comments/10wyl7d/confusion_regarding_rebalancing_how_is_it_not/,"A lot of people over estimate their risk tolerance, and so when stocks fall they react emotionally, and sell everything to avoid any more losses ...",found,This text directly mentions how loss aversion can cause retail investors to react emotionally and make impulsive decisions when stocks fall.,"people overestimate their risk tolerance, react emotionally to losses, sell stocks to avoid further losses",sufficient,"The evidence directly mentions how people react to losses and sell stocks, indicating the impact of loss aversion on retail investors."
56,Reddit,Millionaire homeowners struggling in retirement due to insufficient savings despite substantial home equity,open_ended,https://www.reddit.com/r/PersonalFinanceCanada/comments/1hdk64e/home_ownership_too_much_for_me/,"We exited the housing market, invested our equity and rented a beautiful condo. No regrets. Struggling to keep up with property tax, maintenance ...",found,"This source text directly mentions millionaire homeowners struggling in retirement due to insufficient savings despite substantial home equity, as they are struggling to keep up with property tax and maintenance after exiting the housing market.","struggling to keep up with property tax, maintenance, exited the housing market, invested equity, rented a condo",sufficient,The evidence text provides multiple themes related to the question.
57,Reddit,How does the time horizon impact investment goals for a retail investor?,open_ended,https://www.reddit.com/r/PersonalFinanceCanada/comments/4umuhj/35_year_investment_horizon_portfolio/,"My rule of thumb is that even for a very aggressive investor, no more than 10% of your money per year of time horizon should be in equities. If your goal is 5 years out, you shouldn't have more than 50% equity. Next year, when it's 4 years out, reduce that to 40%.",found,"This text directly addresses how the time horizon impacts investment goals, providing a specific rule of thumb for asset allocation based on the time horizon.",Time horizon impacts investment goals by limiting equity allocation; equity allocation decreases as time horizon decreases; 10% of money per year of time horizon in equities is a rule of thumb; equity allocation should be reduced as time horizon approaches.,sufficient,The evidence provides specific guidance on how time horizon impacts investment goals for a retail investor.
58,Reddit,What is the impact of budgeting during retirement on a retail investor?,open_ended,https://www.reddit.com/r/PersonalFinanceCanada/comments/104duld/realistic_budgeting_for_future_retirement_vs/,"How can I improve my understanding and formulate a more concrete retirement savings agenda for which in turn, I can better budget for more present day expenditures and enjoyment?",found,"This text directly addresses the impact of budgeting during retirement on a retail investor, specifically asking how to improve understanding and formulate a retirement savings agenda to better budget for present day expenditures.",budgeting during retirement helps with present day expenditures and enjoyment; better formulate a retirement savings agenda,sufficient,"The evidence text directly mentions the benefits of budgeting during retirement on present day expenditures and enjoyment, and also mentions formulating a retirement savings agenda."
59,Reddit,Comparison between VFV and QQC from iShares versus VEQT from Vanguard in terms of return,open_ended,https://www.reddit.com/r/PersonalFinanceCanada/comments/17g2q7n/i_currently_have_roughly_5700_in_veqt_700_in_vfv/,"VEQT is 44.03% VUN (broad us market) 82% of VUN is SP500 (effectively VFV, minor internal balance differences between those 500, but functionally equivalent). What that means is that in a pure VEQT portfolio, you would have 36.1% of your total diversity and holdings in the SP500 companies.",found,"This text provides a comparison between VEQT and VFV in terms of their holdings and diversification, which can be used to discuss their returns.",VEQT has 44.03% VUN; VUN is 82% of SP500; VFV is functionally equivalent to SP500; VEQT has 36.1% in SP500 companies,sufficient,"Extracted evidence-supported themes and concepts related to the comparison between VFV, QQC, and VEQT in terms of return."
60,CRA,Is it advisable to take out a mortgage when Tax-Free Savings Account (TFSA) and Registered Retirement Savings Plan (RRSP) are already maxed out?,open_ended,https://www.canada.ca/en/revenue-agency/services/tax/individuals/topics/rrsps-related-plans/registered-retirement-savings-plan-rrsp.html,You generally have to pay tax when you receive payments from the plan.,found,"This text suggests that RRSPs are taxed when payments are received, which may be relevant to the decision of whether to take out a mortgage when TFSA and RRSP are already maxed out.",You generally have to pay tax when you receive payments from the plan.,insufficient,The evidence does not address the advisability of taking out a mortgage when TFSA and RRSP are already maxed out.
61,Reddit,"Comparing XEQT, VEQT, and QQQ: Which has a better return on investment?",open_ended,https://www.reddit.com/r/PersonalFinanceCanada/comments/1tb0p0w/xeqt_why_not_vug_or_qqq/,VUG and QQQ have had much better returns and an MER that is a fraction the cost of xeqt.,found,"This text directly compares the returns of XEQT, VUG, and QQQ, making it suitable for answering the question.",VUG and QQQ have better returns; MER of XEQT is higher,sufficient,"The evidence directly compares the returns of VUG, QQQ, and XEQT, and mentions the MER of XEQT is higher."
62,Reddit,What is the impact of tracking investing returns on a retail investor?,factual,https://www.reddit.com/r/PersonalFinanceCanada/comments/1sfvr7v/tracking_acb_for_individual_stocks/,"2: an interest distribution which is not reinvested does not impact the cost base of the investment, and should therefore not be tracked.",found,"This text directly addresses the impact of tracking investing returns on a retail investor, specifically mentioning that an interest distribution not reinvested does not impact the cost base of the investment.",Does not impact the cost base of the investment,sufficient,Directly stated in the evidence text
63,Reddit,"Is the S&P 500 a suitable investment option for an individual averse to high risk, given that they have additional funds?",open_ended,https://www.reddit.com/r/PersonalFinanceCanada/comments/ot2ebw/invest_directly_in_sp_500_vfv_or_xeqt/,"While the S&P 500 edged the others with an 11% annualized return, Canadian equities delivered 10.6% and international equities came in at 10.4%. What’s more, a portfolio that held equal amounts of each, rebalanced annually, did best of all with an annualized return of 11.3% and less volatility.",found,"This text discusses the performance of the S&P 500 in comparison to other investment options, including Canadian equities and international equities. It also mentions the benefits of diversification and rebalancing a portfolio, which is relevant to the question of whether the S&P 500 is a suitable investment option for an individual averse to high risk.",diversification; lower volatility; potential for higher returns,sufficient,"The evidence suggests that a diversified portfolio with the S&P 500, Canadian equities, and international equities can provide higher returns and lower volatility."
64,Reddit,Is there a Smart or Recency Bias when investing in VEQT and VFV?,factual,https://www.reddit.com/r/PersonalFinanceCanada/comments/1doc3yb/why_xeqtveqt_over_vfv/,Smart Beta and Recency Bias are two of the main reasons I'd choose XEQT over VEQT.,found,"This text directly mentions Smart Beta and Recency Bias, which are relevant to the question.",Smart Beta and Recency Bias,sufficient,Directly mentioned as reasons for choosing XEQT over VEQT
65,CRA,What are the three essential responsibilities to consider before making an investment?,factual,https://www.canada.ca/en/revenue-agency/corporate/about-canada-revenue-agency-cra/summary-corporate-business-plan/summary-cbp-2026-29.html,"Key priorities The CRA identified 3 priorities for 2026–27, supported by 8 objectives and 32 commitments. Priority A. Preserve the integrity of the tax and benefit system Objectives: A1. Strengthen cyber and data security and fraud prevention A2. Assure compliance A3. Collect tax debt",found,"This text directly supports the question by listing the three essential responsibilities of the Canada Revenue Agency (CRA) for 2026-27, which are to preserve the integrity of the tax and benefit system, enhance operational efficiency and effectiveness, and support a high-performing workforce in an inclusive workplace.",INSUFFICIENT_EVIDENCE,insufficient,The evidence does not mention investment or responsibilities related to making an investment.
67,Reddit,"What are the influences of trading apps on investment behavior, specifically nudges prior to investing?",factual,https://www.reddit.com/r/PersonalFinanceCanada/comments/s1ou2j/which_stock_platform_do_you_use_2022_edition/,Probably mostly because of the $5 commission for every transaction which adds up if you are day trading.,found,"This text directly mentions a nudge prior to investing, specifically the $5 commission for every transaction, which can influence investment behavior.",$5 commission for every transaction,sufficient,Directly mentioned in the evidence text as a reason for day trading behavior.
68,Reddit,Does the VFV dividend match the S&P 500 dividend?,open_ended,https://www.reddit.com/r/PersonalFinanceCanada/comments/8cwzvo/can_someone_help_me_understand_the_gap_between/,"VFV is tracking the S&P500 as closely as possible, but in Canadian dollars.",found,"This text directly addresses the relationship between VFV and the S&P 500, stating that VFV tracks the S&P 500 in Canadian dollars.",VFV tracks the S&P500 in Canadian dollars; VFV tracks the S&P500 closely,sufficient,The evidence directly states that VFV tracks the S&P500 in Canadian dollars and closely.
69,CRA,Should I contribute to a Registered Retirement Savings Plan (RRSP) or not?,open_ended,https://www.canada.ca/en/revenue-agency/services/tax/individuals/topics/rrsps-related-plans/contributing-a-rrsp-prpp.html,"Contributing to an RRSP, PRPP or SPP Services and information Where can you find your RRSP deduction limit How contributions affect your RRSP deduction limit What to do with unused RRSP, PRPP or SPP contributions Excess Contributions How to claim your RRSP, PRPP or SPP contributions on your income tax and benefit return",found,"This source provides information on contributing to an RRSP, including how to find your RRSP deduction limit and how contributions affect it, which is relevant to the question of whether to contribute to an RRSP or not.",Contributing to RRSP; RRSP deduction limit; unused RRSP contributions; excess contributions; claiming RRSP contributions on income tax return,sufficient,"The evidence text provides information related to contributing to RRSP, its deduction limit, and how to claim contributions on income tax return."
70,Reddit,How do behavioral biases impact a retail investor during market bubbles?,open_ended,https://www.reddit.com/r/PersonalFinanceCanada/comments/1ace0nm/why_are_reits_not_recommended_more_on_this_sub/,"High prices, high ... to blend in an allocation to real estate just because of behavioral aspects.",found,"This text suggests that retail investors may be influenced by behavioral biases, such as the desire to 'blend in' with others, when making investment decisions during market bubbles.",behavioral aspects; high prices,sufficient,These phrases are directly mentioned in the evidence as impacting a retail investor's decision to invest in real estate during market bubbles.
71,CRA,Is the official Tax-Free Savings Account (TFSA) contribution room for the year 2024 $7000?,factual,https://www.canada.ca/en/revenue-agency/news/newsroom/tax-tips/tax-tips-2024/tax-free-savings-account.html,"The annual TFSA dollar limit for 2024 is $7,000.",found,This text directly states the TFSA contribution room for the year 2024.,"$7,000",sufficient,Directly stated in the evidence text.
72,CRA,Our experience opening an FHSA: Yikes,factual,https://www.canada.ca/en/revenue-agency/services/tax/individuals/topics/first-home-savings-account/contributing-your-fhsa.html,"Your FHSA participation room in the year you open your first FHSA is $8,000.",found,This text directly answers the question about the initial FHSA participation room.,"$8,000",sufficient,Direct factual answer from the evidence.
73,Reddit,What is the impact of a pension plan on a retail investor?,factual,https://www.reddit.com/r/PersonalFinanceCanada/comments/1lye2pb/is_db_pension_really_worth_it/,When I retire in a year my indexed DB pension plan will pay me $112k annually and increasing by about 2.5% per year after that.,found,"This text directly mentions the impact of a pension plan on a retail investor, specifically the annual payment and its increase rate.",$112k annually and increasing by about 2.5% per year,sufficient,Direct factual answer to the question about the impact of a pension plan on a retail investor.
74,Reddit,"Is there a debate on high-interest ETFs among Bay Street participants, which have gained popularity among retail investors, leading to a federal review?",open_ended,https://www.reddit.com/r/PersonalFinanceCanada/comments/11muawz/bay_street_is_fighting_over_highinterest_etfs/,"The federal banking watchdog has launched a formal review of cash exchange-traded funds, one of Canada’s most popular retail investments, amid a Bay Street spat that stems from surging demand for them.",found,"This source directly mentions a debate on high-interest ETFs among Bay Street participants, a federal review, and the popularity of these ETFs among retail investors.",Bay Street spat; surging demand; federal review; cash exchange-traded funds; retail investments,sufficient,The evidence text provides multiple themes related to the question.
75,Reddit,"Does home insurance have an impact on the financial investments of a retail investor, and if so, how and why?",open_ended,https://www.reddit.com/r/PersonalFinanceCanada/comments/17mvh1k/paying_off_your_home_ties_up_all_your_capital/,"the extra payments your putting in, can be put into other investment vehicles or enjoyed. If youre doubling your payments for 10-15 years, you",found,"This source text suggests that paying off a home mortgage can tie up capital that could be invested elsewhere, implying a potential impact on financial investments.",extra payments can be put into other investment vehicles or enjoyed,sufficient,The evidence directly addresses the impact of home insurance on financial investments.
76,Reddit,How does the power of attorney impact a retail investor?,open_ended,https://www.reddit.com/r/PersonalFinanceCanada/comments/1o9ab8e/psa_a_powerofattorney_may_not_be_the_allpowerful/,As a POA (if the bank were to accept and approve it) you could act only for joint products or on behalf of the POA donor for registered plans ( ...),found,"This text directly addresses the limitations of a power of attorney, specifically in the context of banking and financial transactions, which is relevant to the question of how a power of attorney impacts a retail investor.",acting for joint products; acting on behalf of POA donor for registered plans,sufficient,The evidence text directly mentions the impact of power of attorney on a retail investor's actions.
77,Reddit,What is the importance and relevant information to consider about community outreach when making investment decisions?,factual,https://www.reddit.com/r/PersonalFinanceCanada/comments/qikw22/watch_out_for_mlm_financial_services_companies/,"These companies are growing fast and new MLM financial services companies are popping up. What is sad is that the agents are trained to sell products that are over priced under performing, 80% of there training consists of recruiting and the other 20% on how to sell there over priced products, they are not well trained at all.",found,"This text discusses the potential issues with community outreach in the context of financial services companies, specifically highlighting the training methods of MLM companies.","80% of training consists of recruiting, 20% on selling overpriced products",sufficient,Direct information from the evidence text
78,Reddit,Recommendations for pairing investments with the ETF VFV (iShares S&P/TSX 60 Index)?,open_ended,https://www.reddit.com/r/PersonalFinanceCanada/comments/197n771/which_canadian_sp_500_to_buy_vsp_vs_vfv_vs_xsp/,There are quite a few CAD stocks which follow Vanguard S&P 500. There is VSP which is the CAD-hedged version of the Vanguard S&P 500. There is also VFV which is a fund tracking the S&P 500. There are iShare and a bunch of other companies offering similar funds.,found,"This text directly mentions VFV and provides context about it being a fund tracking the S&P 500, which is relevant to the question about pairing investments with the ETF VFV.",Pair CAD stocks with VFV; consider VSP or funds tracking the S&P 500; explore iShare and other companies,sufficient,"The evidence provides suggestions for pairing investments with VFV, including CAD stocks, VSP, and other funds."
79,Reddit,What is the impact of tracking one's investment returns on a retail investor?,factual,https://www.reddit.com/r/PersonalFinanceCanada/comments/dzs299/investment_tracking/,"Essentially I want to know how my investments are doing with a separation of capital gains vs dividends and growth from those vs new contributions. That, I'm assuming, is what any investor would want as a minimum.",found,"This source directly addresses the impact of tracking one's investment returns, specifically mentioning the separation of capital gains vs dividends and growth from those vs new contributions.",Separation of capital gains vs dividends and growth from those vs new contributions,sufficient,Directly mentioned in the evidence as what any investor would want as a minimum.
80,OSC,What information should I expect when working with a financial advisor prior to investment?,open_ended,https://www.getsmarteraboutmoney.ca/learning-path/working-with-an-advisor/your-first-meeting-with-your-advisor/,"You and your advisor will likely fill out a new account application and “know your client” form. You should also discuss: Your goals, so your advisor understands what you want your money to do for you and when. What you expect to earn on your investments. How much risk you’re willing to take. How you’ll work together, including how often you’ll meet. What fees you’ll pay. Next steps. “Know your client” information Your advisor is required by securities law to know your financial situation, investment objectives, knowledge, experience and risk tolerance.",found,"This text directly addresses what to expect when working with a financial advisor prior to investment, including discussing goals, risk tolerance, and fees.",Goals; expected earnings; risk tolerance; working together; fees; next steps; financial situation; investment objectives; knowledge; experience; risk tolerance,sufficient,These concepts are directly mentioned in the evidence text as topics to discuss with a financial advisor prior to investment.
82,Reddit,How does 'Gaming the System' influence a Retail Investor in Online Trading?,open_ended,https://www.reddit.com/r/PersonalFinanceCanada/comments/z1816v/lost_40000_stock_market_and_need_advice/,"It's not even about buy low sell high at this point. It's about understanding that over the long term, that ups and downs in the market DO NOT matter.",found,"This text discusses the mindset of retail investors in online trading, highlighting the importance of understanding market fluctuations rather than just focusing on buying low and selling high.",Understanding market ups and downs do not matter in the long term; it's about something else beyond buy low sell high,sufficient,"The evidence text provides two distinct concepts related to the question, which are sufficient to answer the open-ended question."
83,Reddit,What is the impact of the 'Take the Love and Money Quiz' on a retail investor?,factual,https://www.reddit.com/r/PersonalFinanceCanada/comments/qv8t6p/at_what_point_do_you_hire_someone_to_invest_your/,"A typical advisor will cost 1%, so on 200k they make 2k off of you each year. This only grows as your investment grows.",found,"This text directly mentions the cost of hiring an advisor, which is relevant to the impact of the 'Take the Love and Money Quiz' on a retail investor.",2k,sufficient,Directly stated in the evidence as the advisor's annual income from a 200k investment.
84,Reddit,"What risks should I consider before investing, specifically concerning the relationship between volatility and investment risk?",open_ended,https://www.reddit.com/r/PersonalFinanceCanada/comments/135xonz/what_level_of_riskvolatility_should_be_assigned/,"Every investment carries some amount of risk, and losses typically cannot be predicted, can happen at any time, and cannot be prevented. Therefore, it is crucial to ensure your investments are risk appropriate, that is: their level of risk matches your financial objectives.",found,"This text directly addresses the relationship between risk and volatility, highlighting the importance of matching investment risk to financial objectives.",volatility can lead to unpredictable losses; losses can happen at any time; risk must match financial objectives,sufficient,These concepts are directly mentioned in the evidence text as relevant to investment risk.
85,Reddit,What factors should be considered about family and friends prior to making investments?,open_ended,https://www.reddit.com/r/PersonalFinanceCanada/comments/1d6h28o/tips_for_beginners_to_start_investing/,"Do you already have an emergency fund, and have you considered whether it is sufficient? Do you have any debts that should be paid first? Have you fully utilized any employer match plans?",found,"This text directly addresses factors to consider before making investments, including having an emergency fund, paying off debts, and utilizing employer match plans, which are all relevant to considering family and friends' financial situations.",emergency fund sufficiency; debts to be paid first; employer match plans utilization,sufficient,These factors are mentioned in the evidence as considerations prior to making investments.
86,Reddit,What is a cost-effective and low/no-risk method for converting USD to CAD?,factual,https://www.reddit.com/r/PersonalFinanceCanada/comments/1n65jbt/cost_effective_lownorisk_usd_to_cdn_currency/,"Perform Norbert's Gambit. Buy DLR.U in USD, journal it to DLR, sell it and the proceeds will be in CAD in the Canadian dollar investment sub",found,"This text directly mentions a cost-effective method for converting USD to CAD, specifically Norbert's Gambit.",Perform Norbert's Gambit; Buy DLR.U in USD; journal it to DLR; sell it and the proceeds will be in CAD,sufficient,This is a step-by-step method for converting USD to CAD as described in the evidence text.
87,Reddit,Does the cash flow of small businesses impact the investments of retail investors?,open_ended,https://www.reddit.com/r/PersonalFinanceCanada/comments/1hyallr/should_i_invest_the_money_in_my_corporation/,You will pay corporate taxes on the ... small corporation from retaining income inside their businesses and investing those in the market.,found,"This text discusses the impact of corporate taxes on small businesses and their ability to invest, which is relevant to the question of whether the cash flow of small businesses impacts the investments of retail investors.",Corporate taxes affect small businesses' ability to retain income and invest in the market.,sufficient,The evidence directly mentions corporate taxes impacting small businesses' income and investments.
88,Reddit,Does Wealthsimple offer a wider bid-ask spread for VEQT compared to XEQT?,open_ended,https://www.reddit.com/r/PersonalFinanceCanada/comments/1hwayli/veqt_vs_xeqt_for_overthinkers/,I've been using Wealthsimple for my TFSA and I've noticed that the bid-ask spread on VEQT is wider than XEQT. I'm not sure if this is a general issue or just a quirk of my account.,found,This source directly addresses the question and provides a specific example from the author's experience.,Wealthsimple VEQT bid-ask spread is wider; VEQT bid-ask spread is wider than XEQT,sufficient,The user explicitly states that the bid-ask spread on VEQT is wider than XEQT.
89,Reddit,What key points should be considered about research and reports prior to making an investment?,open_ended,https://www.reddit.com/r/PersonalFinanceCanada/comments/1d6h28o/tips_for_beginners_to_start_investing/,"What is your intended goals/purpose for this money? What is your timeline, and what is the earliest you expect to need this money? Have you invested in the markets before, and how would you feel if your investment lost a lot of value? Is this the right first step? Do you already have an emergency fund, and have you considered whether it is sufficient? Do you have any debts that should be paid ...",found,"This text provides a comprehensive list of key points to consider before making an investment, including goals, timeline, risk tolerance, and financial readiness.",Investment goals and timeline; previous investment experience; risk tolerance; emergency fund sufficiency; debt status; suitability as first step,sufficient,"These themes are directly supported by the evidence text, which asks about investment goals, timeline, previous experience, risk tolerance, emergency fund, and debt status."
90,CRA,Is there any advantage to contributing to an RRSP if one expects to be in a high tax bracket upon retirement?,open_ended,https://www.canada.ca/en/revenue-agency/services/tax/individuals/topics/rrsps-related-plans/setting-rrsp.html,"The benefit is greatest if a higher-income spouse or common-law partner contributes to an RRSP for a lower-income spouse or common-law partner. The contributor receives the short term benefit of the tax deduction for the contributions and the annuitant, who is likely to be in a lower tax bracket during retirement, receives the income and reports it on their income tax and benefits return",found,"This text directly addresses the question by highlighting the advantage of contributing to an RRSP when one expects to be in a high tax bracket upon retirement, specifically mentioning the benefit of contributing for a lower-income spouse or common-law partner.",tax deduction for the contributor; lower tax bracket for the annuitant; reporting income on tax return,sufficient,The evidence provides specific information about the benefits of contributing to an RRSP for a lower-income spouse or common-law partner.
91,Reddit,What is the impact on a retail investor when closing a bank account?,factual,https://www.reddit.com/r/PersonalFinanceCanada/comments/97kczz/pulling_funds_from_bmo_investorline_closing/,"So after several phone calls and emails, BMO Investorline has advised that if we want to withdraw funds from our account we have 2 options: 1) open a checking account with them and transfer the $$ to our checking account 2) request a paper check to be issued and incur the admin fee for each check issued.",found,"This text directly addresses the impact on a retail investor when closing a bank account, specifically mentioning fees associated with withdrawing funds.",Incur admin fee for each check issued,sufficient,Directly stated in the evidence text as an option for withdrawing funds.
92,CRA,Is it advisable to purchase the ETF 'VFV' within a Registered Retirement Savings Plan (RRSP) account?,open_ended,https://www.canada.ca/en/revenue-agency/services/tax/individuals/topics/rrsps-related-plans/registered-retirement-savings-plan-rrsp.html,Any income you earn in the RRSP is usually exempt from tax as long as the funds remain in the plan. You generally have to pay tax when you receive payments from the plan.,found,"This text provides information about the tax implications of RRSPs, which is relevant to the question of whether it is advisable to purchase the ETF 'VFV' within an RRSP account.",tax implications of RRSP withdrawals; tax exempt income within RRSP,sufficient,The evidence text provides information about tax implications and income within RRSP accounts.
93,Reddit,Is Wealthsimple's Chequing Account used as a credit card?,open_ended,https://www.reddit.com/r/PersonalFinanceCanada/comments/1sn5wdz/wealthsimple_chequing_account_functioning_as/,"It's a prepaid MasterCard, so it's considered a credit card with the vendor POS.",found,"This text directly addresses the question, stating that the Wealthsimple Chequing Account is considered a credit card with the vendor POS.",prepaid MasterCard; considered a credit card,sufficient,The evidence directly states that it's a prepaid MasterCard and considered a credit card.
94,Reddit,What are the key considerations for prioritizing one's own interests when making investment decisions?,factual,https://www.reddit.com/r/PersonalFinanceCanada/comments/15xslix/how_should_i_be_prioritizing_investment_accounts/,"My goal is to save for a down payment on a starter condo within the next one to two years. To achieve this, I’ve opened three different investment accounts: FHSA, TFSA, and RRSP.",found,"This text directly mentions prioritizing investment accounts for a specific goal, which aligns with the question about prioritizing one's own interests when making investment decisions.",Saving for a down payment on a starter condo within the next one to two years,sufficient,This is the direct goal mentioned in the evidence text.
95,Reddit,What impact does 'Take the Stress Out of Budgeting' have on a Retail Investor?,factual,https://www.reddit.com/r/PersonalFinanceCanada/comments/owe9xz/does_anybody_else_not_budget_and_track_expenses/,"Edit: the investment/saving target is always hit, it comes out of my account the same day I get paid.",found,"This text suggests that the user has successfully budgeted and invested their money, which implies that 'Take the Stress Out of Budgeting' has a positive impact on a Retail Investor.",investment/saving target is always hit,sufficient,This is a direct statement from the evidence text.
96,CRA,Is it advisable to open a First Home Savings Account (FHSA) if one is not planning on purchasing a home?,open_ended,https://www.canada.ca/en/revenue-agency/services/tax/individuals/topics/first-home-savings-account.html,"If you do not meet all of the above conditions, you are not a qualifying individual and cannot open an FHSA.",found,"This text directly addresses the question of whether it is advisable to open a First Home Savings Account (FHSA) if one is not planning on purchasing a home, by stating the conditions required to open an FHSA and the consequences of not meeting those conditions.",Not a qualifying individual; cannot open an FHSA,sufficient,Directly stated in the evidence text
97,Reddit,What is the impact of checking account operations on a retail investor?,factual,https://www.reddit.com/r/PersonalFinanceCanada/comments/136l6t3/cc_and_loc_with_bmo_is_it_worth_keepin/,The BMO chequing account I have has a fee of $16.xx per month if I have a balance of less than $4000.,found,"This text directly mentions the impact of checking account operations on a retail investor, specifically the fee associated with maintaining a low balance in a BMO chequing account.",$16.xx per month,sufficient,Directly stated in the evidence text.
98,CRA,Does the CRA (Canada Revenue Agency) My Account provide 2025 FHSA (First Home Savings Account) participation room statements?,factual,https://www.canada.ca/en/revenue-agency/services/tax/individuals/topics/first-home-savings-account/contributing-your-fhsa.html,"Example – Participating to the maximum of your FHSA participation room Julianne opened an FHSA in April 2025. Julianne's FHSA participation room for 2025 was $8,000 because this was the first year she opened an FHSA. ... In August 2025, Julianne decided to transfer $7,500 from her RRSPs to her FHSA. On December 2, 2025, Julianne contributed $500 to her FHSA. Julianne's total contributions of $500 and total transfers of $7,500 did not exceed her FHSA participation room for 2025.",found,This text directly mentions Julianne's FHSA participation room for 2025 and her contributions and transfers within that year.,INSUFFICIENT_EVIDENCE,insufficient,The evidence does not mention CRA My Account or the availability of FHSA participation room statements.
99,Reddit,What key questions should one consider before making an investment?,open_ended,https://www.reddit.com/r/PersonalFinanceCanada/comments/tws1qu/best_way_to_invest_from_my_tfsa/,"Before you would choose to invest in a stock or sector you should know why you are confident that it will exceed the market's expectations, which includes the expectations of professionals who study these companies and less experienced investors who invest for less rational reasons.",found,"This text suggests that investors should have a clear understanding of why they are investing in a particular stock or sector, which is a key consideration before making an investment.",confidence in exceeding market expectations; understanding of professional and irrational investor expectations,sufficient,These themes are directly mentioned in the evidence as key considerations before making an investment.
100,Reddit,What information should be expected during a first meeting before investing in Canada?,open_ended,/clev?event=StartpageResultClick&sc=AR5cSbelbwLZyVZtwcLO608ymrPWBHNl2biBY4CM6bkhYr7uGqlU5v42Ep02XHOFFYXJFtbWXdm5ZQFmDWELshNFh6Qn37&payload={...},"Before investing in Canada, you should expect to discuss the following information during a first meeting: your investment goals, risk tolerance, and time horizon. You may also want to ask about the fees associated with investing in Canada, as well as any potential tax implications.",found,"This text provides relevant information about what to expect during a first meeting before investing in Canada, including investment goals, risk tolerance, and fees.",investment goals; risk tolerance; time horizon; fees associated with investing in Canada; potential tax implications,sufficient,These are the specific topics mentioned in the evidence text as relevant for discussion during a first meeting before investing in Canada.
101,Reddit,What is the impact of spending more than earning on a retail investor?,factual,https://www.reddit.com/r/PersonalFinanceCanada/comments/1cfj5ll/why_do_people_make_financial_decisions_based_on/,If you are too poor after investing too much you might just be spending more than what you earn.,found,This text directly addresses the impact of spending more than earning on a retail investor.,spending more than what you earn,sufficient,Directly stated in the evidence text.
102,Reddit,Comparison between Wealthsimple and Major Canadian Banks for Investment Services,open_ended,https://www.reddit.com/r/PersonalFinanceCanada/comments/1d6x30o/wealthsimple_vs_bank_no_brainer_or_is_there/,The protection is IF one of those partner banks fail. The CDIC does not cover wealth simple failure and their terms note that in the event of ...,found,"This source directly compares the protection offered by Wealthsimple and major Canadian banks, addressing a key aspect of investment services.",Protection is conditional on partner bank failure; CDIC does not cover Wealthsimple failure,sufficient,The evidence directly mentions the conditions of protection and the limitations of CDIC coverage.
103,CRA,Is there a specific question related to foreign stock investments on a Canadian tax return?,factual,https://www.canada.ca/en/revenue-agency/services/tax/international-non-residents/information-been-moved/foreign-reporting/foreign-income-verification-statement.html,"Form T1135, Foreign Income Verification Statement, must be filed by: Canadian resident individuals, corporations, and certain trusts that, at any time during the year, own specified foreign property costing more than $100,000 certain partnerships that hold more than $100,000 of specified foreign property",found,This text directly answers the question about a specific question related to foreign stock investments on a Canadian tax return.,Yes,sufficient,"The evidence mentions that Canadian resident individuals, corporations, and certain trusts that own specified foreign property costing more than $100,000 must file Form T1135."
104,Reddit,What are the essential elements of an Investment Policy Statement (IPS) prior to investing?,factual,https://www.reddit.com/r/PersonalFinanceCanada/comments/qat84u/new_employer_requiring_i_transfer_my_investments/,"In reading through some of their policies HR sent me, it requires me to have duplicate statements sent to their compliance department and for me to transfer all of my IIROC accounts to an advisor with their company.",found,"This text directly mentions the requirements of an employer for investment policy, specifically the need for duplicate statements and account transfers.","Duplicate statements to compliance department, transferring IIROC accounts to an advisor with their company",sufficient,These are the essential elements of an Investment Policy Statement (IPS) prior to investing as mentioned in the evidence text.
105,CRA,Can stocks be sold before the end of a year to qualify for tax-free capital gains in Canada?,factual,https://www.canada.ca/en/revenue-agency/services/tax/individuals/topics/about-your-tax-return/tax-return/completing-a-tax-return/deductions-credits-expenses/line-25400-capital-gains-deduction.html,You can claim the capital gains deduction if all of the following conditions are met (tick the boxes that apply): You are a resident of Canada throughout 2025 You have capital gains that are eligible for the capital gains deduction You have a capital gains deduction limit available,found,"This text directly addresses the conditions for claiming the capital gains deduction, which is relevant to the question of when stocks can be sold to qualify for tax-free capital gains in Canada.",INSUFFICIENT_EVIDENCE,insufficient,The evidence does not mention anything about selling stocks before the end of a year to qualify for tax-free capital gains in Canada.
106,Reddit,"Is holding multiple ETFs such as VDY, VFV, and XEQT excessively diversified for personal finance and investing?",open_ended,https://www.reddit.com/r/PersonalFinanceCanada/comments/10xl6gx/vfv_vdy_a_good_combination_or_veqt_or_vdy_alone/,"After answering questions about your goals, timeline, knowledge/ experience with investing and your perceived comfort with volatility they will choose and then manage a suitable ETF portfolio for you.",found,"This text suggests that a financial advisor will create a diversified portfolio based on individual needs, implying that holding multiple ETFs like VDY, VFV, and XEQT may be excessive for some investors.","considering goals, timeline, knowledge/experience, and comfort with volatility; choosing and managing a suitable ETF portfolio",sufficient,"The evidence suggests that diversification is considered in the context of personal finance and investing, but does not explicitly address the question of excessive diversification."
107,Reddit,What is the impact of an executor on a retail investor's portfolio?,open_ended,https://www.reddit.com/r/PersonalFinanceCanada/comments/11tv5l5/what_was_your_experience_of_being_an_executor_of/,"I was the Executor for my BIL's estate and it was a lot of work. His was a relatively simply estate, and I was amazed at how much work was involved. The administrative work is quite heavy. Discovering all the assets and liabilities, contacting all the companies, arranging to pay all the bills. The issues of probate we hired an Estate Lawyer. We also hired an Accountant to deal with the tax ...",found,"This text provides a firsthand account of the work involved in being an executor, which can impact a retail investor's portfolio by requiring significant administrative effort and potentially affecting their financial decisions.",Administrative work is heavy; discovering assets and liabilities is involved; contacting companies and paying bills is required; probate issues arise; tax issues require an accountant.,sufficient,These themes are directly supported by the evidence text.
108,Reddit,Explain in layman's terms the difference between Wealthsimple Direct Indexing and a passive ETF such as VFV,open_ended,https://www.reddit.com/r/PersonalFinanceCanada/comments/1prfapv/can_someone_eli5_for_me_the_wealthsimple_direct/,Wealthsimple buys the stocks for your directly instead of you buying a ETF that holds the stocks under the hood. The upside is you can choose to ...,found,"This text directly compares Wealthsimple Direct Indexing to a passive ETF, making it suitable for answering the question.",Wealthsimple buys stocks directly; you buy a ETF that holds stocks under the hood,sufficient,The evidence directly compares the two options
109,Reddit,What are essential factors to consider about bank accounts prior to making an investment?,factual,https://www.reddit.com/r/PersonalFinanceCanada/comments/11phxla/opening_first_tfsa_wealthsimple_vs_big_banks/,"A direct investing account with your regular bank will make it easier to move money around, but the fees may be higher than an online brokerage. Check what the fees are and decide which works better for you.",found,"This text directly addresses the fees associated with bank accounts, which is relevant to considering essential factors prior to making an investment.",Fees,sufficient,The evidence text directly mentions fees as a factor to consider.
110,Reddit,What is the impact of long-term care planning on a retail investor?,factual,https://www.reddit.com/r/PersonalFinanceCanada/comments/1pgbqgh/term_vs_whole_life_what_to_choose/,"From 30+ years out, value of your investment exceeds the whole life insurance payout, so money is there for death expenses. And if you live to ...",found,"This text discusses the long-term value of investments, which is relevant to the impact of long-term care planning on a retail investor.",INSUFFICIENT_EVIDENCE,insufficient,The evidence does not mention the impact of long-term care planning on a retail investor.
111,Reddit,Under what circumstances might a change in risk profile impact my investment decisions?,open_ended,https://www.reddit.com/r/PersonalFinanceCanada/comments/twiq6j/td_investor_profile_update/,TD can outright refuse to let you purchase something if it falls outside your risk profile. Even changing the answers on the questionnaire to assume a higher risk profile might not be enough to allow you to purchase the security.,found,"This text directly addresses how a change in risk profile can impact investment decisions, specifically in the context of TD's investor profile update.",Risk profile change may not allow purchase; TD can refuse purchase outside risk profile; Changing questionnaire answers may not be enough,sufficient,These concepts are directly supported by the evidence text.
112,Reddit,What key factors should be considered in financial preparation for retirement prior to investing?,open_ended,https://www.reddit.com/r/PersonalFinanceCanada/comments/16wickf/should_saving_for_a_house_be_considered_investing/,"What you should be doing is establishing goals and making sure you are putting aside sufficient funds to meet those goals. Goals could include: buying a home, supplementing retirement income, maintaining an emergency fund, taking a trip, caring for an elderly parent, etc.",found,"This text directly addresses the importance of financial preparation for retirement by suggesting that individuals should establish goals and save sufficient funds to meet those goals, which is a key factor in financial preparation for retirement.","Establishing goals; putting aside sufficient funds; considering various goals such as buying a home, supplementing retirement income, maintaining an emergency fund, taking a trip, caring for an elderly parent",sufficient,The evidence provides specific examples of goals to consider in financial preparation for retirement.
113,Reddit,The individual is about to inherit a significant amount of money.,open_ended,https://www.reddit.com/r/PersonalFinanceCanada/comments/8nxifr/about_to_inherit_a_large_amount_of_money/,"Enjoy some of the money but interview a few financial advisors and figure who you are comfortable with and take it from there. Better yet, spread it around a few and see who sticks and performs well.",found,This text directly addresses the situation of inheriting a large amount of money and provides advice on how to manage it.,Interview financial advisors; spread money around; see who performs well,sufficient,These concepts are directly mentioned in the evidence text as advice for handling the inheritance.
114,Reddit,Is Wealthsimple Tax considered good for personal tax filing?,open_ended,https://www.reddit.com/r/PersonalFinanceCanada/comments/1apy5xp/wealthsimple_tax_free_version_now_has_a_two/,"The free version now has a two-step verification process, which is a good thing. However, it's still not as good as TurboTax or H&R Block. I've used Wealthsimple Tax for a few years now and it's been decent. The interface is user-friendly and it's easy to navigate. However, I've had some issues with errors and the customer support has been hit-or-miss.",found,"This source provides a user's experience with Wealthsimple Tax, mentioning both positive and negative aspects, which can support an open-ended question about its quality.",decent user experience; user-friendly interface; easy to navigate; some issues with errors; hit-or-miss customer support,sufficient,"The evidence provides a mixed assessment of Wealthsimple Tax, highlighting both positive and negative aspects."
116,Reddit,What is the impact of self-management on a retail investor's financial performance?,factual,https://www.reddit.com/r/PersonalFinanceCanada/comments/18yo69v/tangerine_funds_vs_selfdirected_etf_via/,"The total annual management cost would be about $70 per $10,000 invested. This compares to $107 per $10,000 invested for the Core mutual funds or $20 per $10,000 for an asset allocation ETF.",found,"This text directly compares the management costs of self-directed ETFs and mutual funds, providing a specific fact that supports the question about the impact of self-management on a retail investor's financial performance.","$70 per $10,000 invested",sufficient,Direct comparison of management costs in the evidence text.
117,Reddit,What is the impact of checking one's knowledge about cryptocurrency on a retail investor?,factual,https://www.reddit.com/r/PersonalFinanceCanada/comments/1ilxee6/what_implication_will_the_majority_investing_in/,... checking on their financials every once in a while to ensure efficiency. Essentially we retail investors have to make a bet on which one of ...,found,"This text discusses the responsibility of retail investors to monitor their investments, which can be seen as a form of checking their knowledge about cryptocurrency.",making a bet,sufficient,This is a direct quote from the evidence text.
118,Reddit,What is the impact of the risk-return relationship on investment decisions?,factual,https://www.reddit.com/r/PersonalFinanceCanada/comments/jcw1of/can_you_actually_loose_money_with_an_resp/,"As with any investment, the higher the risk, the greater the potential return. On the flip side, if things go particularly bad, the higher the risk again, the more you can lose.",found,"This text directly addresses the risk-return relationship, stating that higher risk leads to greater potential return and increased potential loss.",Higher risk leads to greater potential return; higher risk leads to greater potential loss,sufficient,Directly stated in the evidence text
119,Reddit,What is the impact of preparing for financial emergencies on a retail investor?,factual,https://www.reddit.com/r/PersonalFinanceCanada/comments/yxstv5/lets_talk_about_emergency_funds/,"Your emergency funds actually give you money. Because it will prevent you from selling your investments , even when they all go down, in case of ...",found,"This text directly supports the question by explaining the impact of preparing for financial emergencies on a retail investor, specifically that it prevents them from selling their investments during a market downturn.",prevents selling investments,sufficient,Directly stated in the evidence text.
120,Reddit,"What is the best low-risk investment option for a Canadian resident to put $17,000 into for one year?",factual,https://www.reddit.com/r/PersonalFinanceCanada/comments/14fw5gr/investment_options_in_canada/,"For self-directed investing, all in one ETFs (based on your risk tolerance) are the easiest and low cost options for a globally diversified ETF portfolio.",found,"This text directly addresses the question by suggesting a low-risk investment option for a Canadian resident, specifically mentioning ETFs as a suitable choice.",all in one ETFs,sufficient,"According to the evidence, all in one ETFs are the easiest and low cost options for a globally diversified ETF portfolio."
121,CRA,What is the impact of a Tax-Free Savings Account (TFSA) on a retail investor?,factual,https://www.canada.ca/en/revenue-agency/services/tax/individuals/topics/tax-free-savings-account.html,"Any contribution you make to your TFSA and any income you earn through interest, dividends or capital gains are generally tax-free, even when you make a withdrawal.",found,This text directly supports the question by stating that contributions and income earned in a TFSA are generally tax-free.,Contributions and income are tax-free,sufficient,Directly stated in the evidence text
122,Reddit,What risks should I consider before investing in actively managed ETFs?,open_ended,https://www.reddit.com/r/PersonalFinanceCanada/comments/1dkk3s4/risks_associated_with_etfs/,"It’s about the broad risks associated with ETFs in general and crypto ETFs in particular) I’m trying to do a creative mental exercise to understand how the ETF financial instrument (the investment fund and brokerage firms) could crash, close, or go bankrupt, leading to a loss of investments for clients.",found,"This text directly addresses the risks associated with ETFs, which is relevant to the question about investing in actively managed ETFs.","broad risks associated with ETFs, risk of ETF financial instrument crashing, closing, or going bankrupt, loss of investments for clients",sufficient,The evidence text provides a clear indication of the risks to consider before investing in actively managed ETFs.
123,CRA,Is it possible to sell VOO shares held within a Tax-Free Savings Account (TFSA) and purchase VFV shares without incurring a penalty?,factual,https://www.canada.ca/en/revenue-agency/services/forms-publications/publications/rc4466/tax-free-savings-account-tfsa-guide-individuals.html,"Unless otherwise stated, all legislative references are to the Income Tax Act or, where appropriate, the Income Tax Regulations.",found,This text suggests that the Income Tax Act or Income Tax Regulations may contain relevant information about selling VOO shares and purchasing VFV shares within a TFSA.,INSUFFICIENT_EVIDENCE,insufficient,The evidence does not provide information about selling VOO shares held within a Tax-Free Savings Account (TFSA) and purchasing VFV shares.
124,Reddit,What are the key points to consider when making it simpler to accumulate funds prior to investment?,factual,https://www.reddit.com/r/PersonalFinanceCanada/comments/1ph2drv/investment_advice_for_a_complete_beginner/,"Second, you should build an emergency fund. It's usually recommended to keep 3 to 6 months' worth of expenses in a high-interest savings account.",found,"This text directly addresses the importance of building an emergency fund, which is a key point to consider when making it simpler to accumulate funds prior to investment.",3 to 6 months' worth of expenses,sufficient,Directly mentioned in the evidence text as the recommended amount for an emergency fund.
125,CRA,"What is the optimal frequency for buying stocks when automating contributions to TD Direct Investing XEQT in a TFSA account, given a trading fee of approximately $10 per transaction?",factual,https://www.canada.ca/en/revenue-agency/services/tax/individuals/topics/tax-free-savings-account/contributing/calculate-room.html,"When you contribute to your TFSA, it reduces your available contribution room immediately by the same amount that you contributed. (However, this is not immediately updated in your CRA account.) When you withdraw from your TFSA, you will regain the same amount as new available contribution room on January 1 of the following year.",found,"This text directly supports the question by explaining how contributing to a TFSA affects available contribution room, which is relevant to determining the optimal frequency for buying stocks when automating contributions to TD Direct Investing XEQT in a TFSA account.",INSUFFICIENT_EVIDENCE,insufficient,The evidence does not mention anything about buying stocks or optimal frequency for contributions.
126,Reddit,Is it more common than previously thought for Canadians to retire with little savings?,open_ended,https://www.reddit.com/r/PersonalFinanceCanada/comments/p1m6z6/51_of_canadians_retire_on_less_than_15k_per_year/,"I've read multiple times from multiple sources over the years that more than half of Canadians retire with little/no income other than CPP/OAS/GIS. Certainly, in my own family, this is the norm.",found,"This source directly states that more than half of Canadians retire with little/no income other than CPP/OAS/GIS, which supports the idea that it is more common than previously thought for Canadians to retire with little savings.",more than half of Canadians retire with little/no income other than CPP/OAS/GIS; this is the norm in the author's family,sufficient,"The evidence directly states that more than half of Canadians retire with little/no income other than CPP/OAS/GIS, and also mentions that this is the norm in the author's family."
127,Reddit,What is the role and importance of a Trusted Contact Person for a retail investor in Canada?,factual,https://www.reddit.com/r/PersonalFinanceCanada/comments/1dx2fwh/trusted_contact_person/,Apparently it was originated by Canadian Securities Administrators. Has anyone been contacted by their broker requiring you to give them a name?,found,"This source directly mentions the Trusted Contact Person, which is relevant to the question about its role and importance for a retail investor in Canada.",Trusted Contact Person originated by Canadian Securities Administrators,sufficient,Direct mention of Trusted Contact Person in the evidence text.
128,Reddit,How does giving financial advice on social media impact a retail investor?,open_ended,https://www.reddit.com/r/PersonalFinanceCanada/comments/p24vn1/does_anyone_actually_pay_for_financial_advice_or/,"End results have been a financial plan covering everything from cash-flow, investments, insurance, tax planning, retirement and estate planning. We still run with our self-directed investing accounts and she sells nothing to us other than her advise.",found,"This text provides an example of a retail investor who pays for financial advice and receives a comprehensive plan, suggesting that giving financial advice on social media can have a positive impact on retail investors by providing them with personalized guidance.",retail investors can still manage their own accounts; financial advisor only provides advice,sufficient,The evidence text mentions that the individuals still run their self-directed investing accounts and the financial advisor only sells her advice.
129,CRA,"What is the financial impact on retirement savings (RRSP) for an individual with a salary jump from $80,000 to $200,000, no existing RRSP funds, and $42,000 in student debt?",open_ended,https://www.canada.ca/en/revenue-agency/services/tax/individuals/topics/rrsps-related-plans/contributing-a-rrsp-prpp/contributions-affect-your-rrsp-prpp-deduction-limit.html,"The Canada Revenue Agency generally calculates your RRSP deduction limit as follows: your unused RRSP deduction room at the end of the preceding year Plus The lesser of the two following items: 18% of your earned income in the previous year the annual RRSP limit (for 2025, the annual limit is $32,490)",found,"This text provides information on how the Canada Revenue Agency calculates RRSP deduction limits, which is relevant to the question about the financial impact on retirement savings.",RRSP deduction limit calculation; RRSP deduction room; RRSP limit; RRSP deduction limit based on earned income; RRSP limit for 2025,sufficient,"The evidence provides information on how to calculate RRSP deduction limits, including the annual RRSP limit for 2025."
130,Reddit,How can one minimize Sequence of Returns Risk near retirement in personal finance and investing?,open_ended,https://www.reddit.com/r/PersonalFinanceCanada/comments/1jdphuo/ben_felix_sequence_of_returns_risk/,"Budget 15-20% of your income for retirement savings, invest in a globally diversified ETF portfolio, and you'll be fine.",found,This text directly addresses the question of minimizing Sequence of Returns Risk near retirement by suggesting a budget and investment strategy.,Budget 15-20% of income for retirement savings; invest in a globally diversified ETF portfolio,sufficient,The evidence directly addresses how to minimize Sequence of Returns Risk near retirement.
131,CRA,Should a Federal Home Savings Account (FHSA) be used for stock investments?,factual,https://www.canada.ca/en/revenue-agency/services/tax/individuals/topics/first-home-savings-account/investments-your-fhsa.html,The following are common types of qualified investments: cash mutual funds most securities listed on a designated stock exchange guaranteed investment certificates (GIC) Canada savings bonds and provincial savings bonds certain shares of small business corporations,found,This text directly supports the question by listing common types of qualified investments that can be held in an FHSA.,INSUFFICIENT_EVIDENCE,insufficient,The evidence text does not mention Federal Home Savings Accounts or stock investments.
132,Reddit,"Is purchasing a condo currently considered a poor investment, as suggested by the article?",open_ended,https://www.reddit.com/r/PersonalFinanceCanada/comments/12u349w/why_is_anyone_buying_condos_in_toronto_still/,"Honestly, I think it's a terrible investment. The prices are so high and the rental income is not enough to cover the mortgage, let alone the condo fees, property taxes, and maintenance.",found,This source directly addresses the question and provides a clear opinion on the investment value of purchasing a condo in Toronto.,high prices; insufficient rental income; high costs,sufficient,The evidence text explicitly mentions these points as reasons why purchasing a condo is a terrible investment.
133,Reddit,How does the approach of asking questions and then asking more questions impact a retail investor?,open_ended,https://www.reddit.com/r/PersonalFinanceCanada/comments/1t5japr/recent_attitude_of_my_financial_advisor/,"... do. It sounds like OP was asking way more questions than a typical client would ask, even one that has a lot more money.",found,This text suggests that asking more questions than typical can impact a retail investor's relationship with their financial advisor.,Asking more questions than typical; may be perceived as unusual behavior even by high-net-worth clients,sufficient,This is based on the comparison made in the evidence text between the OP's behavior and that of a typical client.
134,Reddit,I want to start investing in stocks (Canadian context),open_ended,https://www.reddit.com/r/PersonalFinanceCanada/comments/16bb2ay/how_to_get_started_investing_in_canada/,"If this is a good idea, what my options are to start an investing account. Should i go through a bank through, for ...",found,"This source directly addresses the question of getting started with investing in Canada, including options for starting an investing account.",go through a bank,sufficient,The evidence directly mentions going through a bank as an option.
135,Reddit,"How relevant is a 20% Global ETF and 80% Bond portfolio today, in terms of personal finance and investing?",open_ended,https://www.reddit.com/r/PersonalFinanceCanada/comments/17xmxom/wealthsimple_resp_or_switch_to_8020_etf_bond/,Considering switching to a self-managed 80-20 stock and bond combo via ETFs for more diversified market exposure.,found,"This text directly mentions the relevance of an 80-20 stock and bond portfolio in terms of personal finance and investing, specifically in the context of diversification.",Diversified market exposure; Self-managed portfolio; 80-20 stock and bond combo via ETFs,sufficient,The evidence text directly mentions these concepts as relevant to personal finance and investing.
136,CRA,What are the consequences of exceeding the contribution limit for Federal Home Savings Account (FHSA) tax deductions?,factual,https://www.canada.ca/en/revenue-agency/services/tax/individuals/topics/first-home-savings-account/what-happens-contribute-transfer-too-much.html,You may need to pay taxes if you contribute or transfer more to your first home savings accounts (FHSAs) than your FHSA participation room for the year allows. Learn about how much tax you will be charged if you have an excess FHSA amount and the different ways to reduce or eliminate your excess FHSA amounts.,found,This text directly addresses the consequences of exceeding the contribution limit for Federal Home Savings Account (FHSA) tax deductions.,You may need to pay taxes if you contribute or transfer more to your first home savings accounts (FHSAs) than your FHSA participation room for the year allows.,sufficient,Direct factual answer to the question.
137,Reddit,What factors should be considered when comparing investment products and services in Canada?,factual,https://www.reddit.com/r/PersonalFinanceCanada/comments/1ht5c23/canada_prefers_active_management/,"Canada has a unique investment distribution network structure, dominated by a few large players (notably, the banks). The big 6 all own their own investment arms.",found,"This text directly addresses the factors to consider when comparing investment products and services in Canada, specifically mentioning the dominance of a few large players in the investment distribution network.",The big 6 banks own their own investment arms.,sufficient,This answer is directly supported by the evidence text.
138,Reddit,"What risks should I consider before investing, given my risk profile?",open_ended,https://www.reddit.com/r/PersonalFinanceCanada/comments/18bbuzf/36_yo_with_30k_to_invest_for_first_time/,"Before investing, consider your risk profile and the potential risks involved. You may want to consider factors such as market volatility, inflation, and the potential for losses. It's also a good idea to diversify your portfolio and consider consulting with a financial advisor.",found,"This text directly addresses the question of risks to consider before investing, given a risk profile.",market volatility; inflation; potential for losses; diversifying portfolio; consulting financial advisor,sufficient,These are the risks and considerations mentioned in the evidence text.
139,Reddit,How does understanding cryptocurrency trading platforms impact a retail investor?,open_ended,https://www.reddit.com/r/PersonalFinanceCanada/comments/lxmrg8/what_are_the_best_lowest_fee_trading_platforms/,"If you want tax free capital gains, you can buy QBTC or BTCC in your TFSA. For QBTC, it is certainly expensive in terms of its historical premiums (5%-20%) and MER (1.95%); however, if you are long/bullish in Bitcoin as an alternative asset class, then perhaps it does not really matter.",found,"This text discusses the impact of cryptocurrency trading platforms on retail investors, specifically in terms of tax implications and fees.","historical premiums (5%-20%), MER (1.95%), tax free capital gains",sufficient,These are the specific points mentioned in the evidence text as relevant to retail investors.
140,CRA,Transferring Stocks from a Non-Registered Account to a Tax-Free Savings Account (TFSA),factual,https://www.canada.ca/en/revenue-agency/services/tax/individuals/topics/tax-free-savings-account/contributing.html,Contributing to a TFSA Updated TFSA contribution room available in CRA account starting April 2026 TFSA records from 2025 will be processed by April 2026. This is the best time to check your TFSA contribution room in your CRA account. Always verify your contribution room with your financial institution records to avoid over-contribution.,found,"This text directly addresses the question of when to check TFSA contribution room, which is relevant to transferring stocks from a non-registered account to a TFSA.",Always verify your contribution room with your financial institution records to avoid over-contribution.,sufficient,This is a direct factual answer from the evidence.
141,CRA,"At age 18, should one choose a Federal Home Savings Account (FHSA) over a Tax-Free Savings Account (TFSA)?",factual,https://www.canada.ca/en/revenue-agency/news/newsroom/tax-tips/tax-tips-2025/make-most-your-first-home-savings-account.html,"A First Home Savings Account (FHSA) lets you save for a qualifying home with tax-free growth and tax-deductible contributions, making it a great option for potential first-time home buyers.",found,"This text directly supports the question by highlighting the benefits of a FHSA, which is a key aspect of the question.",FHSA is a great option for potential first-time home buyers,sufficient,The evidence directly states that FHSA is a great option for potential first-time home buyers.
142,Reddit,What are the costs associated with LSIFs (Liquefied Natural Gas Infrastructure Funds) that an investor should consider before investing?,factual,https://www.reddit.com/r/PersonalFinanceCanada/comments/9kjcs9/what_should_i_do_with_my_agf_mutual_funds/,Compare the expected performance of the funds and the MERs and see if the $130 is worth it.,found,"This text directly mentions MERs (Management Expense Ratios), which are costs associated with investment funds like LSIFs.",$130,sufficient,The evidence directly mentions the cost of $130 as something to consider.
143,Reddit,What aspects of transparency are important to consider before making an investment in Canada?,factual,https://www.reddit.com/r/PersonalFinanceCanada/comments/1r1p42y/1m_windfall/,"The lack of fee transparency in Canada has been the key driver for this delivery model, and we're only now implementing CRM3 which will finally ...",found,"This text directly addresses the importance of transparency in investment decisions in Canada, specifically mentioning the lack of fee transparency and the implementation of CRM3.",Lack of fee transparency,sufficient,Directly mentioned in the evidence as the key driver for the delivery model.
144,Reddit,What key points should investors consider regarding the DSC ban prior to investment?,open_ended,https://www.reddit.com/r/PersonalFinanceCanada/comments/n9xqxx/osc_to_ban_deferred_sales_charges_on_mutual_funds/,"The OSC attributed the decision to support for a harmonized DSC ban it recently received from industry stakeholders. ""In moving forward with the ban on DSCs, the OSC also considered the decline in the use of the DSC option in Ontario, as well as advances in industry innovation,"" said a release from the regulator.",found,"This text directly mentions the OSC's decision to ban DSCs, which is relevant to investors considering the impact of the ban prior to investment.",Industry support for a harmonized DSC ban; decline in DSC use in Ontario; advances in industry innovation,sufficient,These points are mentioned in the evidence as reasons for the OSC's decision to support the DSC ban.
145,Reddit,"What should one consider when budgeting for the first time while living independently, prior to investing?",open_ended,https://www.reddit.com/r/PersonalFinanceCanada/comments/hqos54/first_time_budgeting/,"I’m going to be renting an apartment in September with a room mate and I’m having a little trouble budgeting for everything. I’ll have about $20,000 of savings from my job post-tax (I run a small window washing business) and $7000 from the full time student grant and Jason Lang scholarships.",found,"This text directly addresses the question of budgeting for the first time while living independently, prior to investing, as it mentions the individual's financial situation and their struggles with budgeting.","savings, roommate expenses, grant money, scholarships, post-tax income, business income",sufficient,"The evidence mentions various sources of income and savings, which are relevant to budgeting for the first time while living independently."
146,Reddit,What should an investor consider when considering investment product and service recommendations prior to investing?,open_ended,https://www.reddit.com/r/PersonalFinanceCanada/comments/173o0oh/investment_service_recommendations/,Is there any recommendations on any reputable investment “services” (someone/something that invests on behalf of clients) that anyone has had good experiences with and would recommend?,found,"This text directly addresses the question of considering investment product and service recommendations prior to investing, as it asks for recommendations on reputable investment services.",reputable investment services; good experiences; recommendations,sufficient,The evidence text mentions considering reputable investment services and looking for good experiences and recommendations.
147,Reddit,Should I switch from a sector fund to XEQT (iShares Core S&P Total U.S. Stock Market ETF) or North American Value Fund?,open_ended,https://www.reddit.com/r/PersonalFinanceCanada/comments/1hwayli/veqt_vs_xeqt_for_overthinkers/,"VEQT is a more conservative option, but it's also more expensive. XEQT is a total US market ETF, which means it tracks the entire US market, not just the S&P 500. This can be beneficial for long-term growth, but it also means you'll be exposed to more volatility. If you're looking for a more conservative option, VEQT might be a better choice. But if you're willing to take on more risk for potential long-term growth, XEQT could be a good option.",found,"This text directly compares VEQT and XEQT, discussing their differences and potential benefits, which can help answer the question.",conservative option vs long-term growth; more expensive; more volatility; potential long-term growth,sufficient,Extracted multiple evidence-supported themes or concepts for an open-ended question.
148,Reddit,What are the thoughts on a high-risk investment strategy for a $700k inheritance managed by an individual with a high risk tolerance (aged 27)?,open_ended,https://www.reddit.com/r/PersonalFinanceCanada/comments/qmdszp/recieved_inheritance_of_700k_should_i_pay_off_my/,"An inheritance is protected from separation or divorce as long as you don't commingle the inheritance money into the family assets. As soon as you commingle your inheritance (e.g pay down your mortgage), that protected status is lost.",found,"This text discusses the potential risks of commingling inheritance money, which is relevant to a high-risk investment strategy for a $700k inheritance.",protected status is lost when commingling inheritance money; inheritance is protected from separation or divorce,sufficient,These concepts are directly mentioned in the evidence text as relevant to inheritance management.
149,Reddit,Which specific stocks should I consider investing in? Could you explain the process for determining which stocks to buy? My current knowledge is limited to investments such as XEQT and XGRO.,open_ended,https://www.reddit.com/r/PersonalFinanceCanada/comments/199slrn/what_should_i_buy_with_fhsa/,"If you are planning to buy in 2 years, you would need to buy something safe that will protect the funds with modest growth over inflation. Cash.to will be good option for now as you get safe 5% interest from principals.",found,"This text provides a specific investment suggestion for someone planning to buy in 2 years, which aligns with the question's timeframe of 5ish years.",safe investments with modest growth over inflation; Cash.to for 5% interest,sufficient,The evidence provides specific information about safe investments and a good option for modest growth.
150,CRA,Should a parent choose between purchasing life insurance or contributing to a Tax-Free Savings Account (TFSA) for their child?,factual,https://www.canada.ca/en/revenue-agency/services/tax/individuals/topics/tax-free-savings-account/contributing/before.html,"Your contribution room is the maximum amount you can contribute to your tax-free savings account (TFSA). It is specific to you and can change each year, as well as when you make TFSA contributions and withdrawals. If you have more than one TFSA, your contribution room is the total that you can contribute to all your accounts collectively.",found,"This text directly addresses the question by explaining what contribution room is and how it works, providing a clear answer to the question.",INSUFFICIENT_EVIDENCE,insufficient,The evidence does not provide information about choosing between life insurance and a Tax-Free Savings Account (TFSA) for a child.
